Data da Pesquisa,Video ID,Title,Channel Title,Published At,Description,Tags,Channel ID,View Count,Like Count,Dislike Count,Comment Count,Region Restriction,Relevant Topics,Live Streaming Details
12/05/2024,NwOzMiQV6-o,üî¥ EN VIVO LA CASA DE LOS FAMOSOS 4 CAPITULO 95 | Domingo 12/05/2024 | LCDLF | VIDEO REACCION,DE TODO PERU,2024-05-12T22:34:02Z,"Hola mi nombre es ALEXANDER, te doy la bienvenida a mi canal ""DE TODO PERU""! en este video reaccionaremos, ...",[],UCMjTNUG_JryWBAZ21LgNUcQ,1794,1302,0,0,{},[],{}
12/05/2024,1E2sP2yUGCs,Famosos parte de la comunidad LGBT+ üè≥Ô∏è‚Äçüåà  Parte1 - Baby girl,- Baby girl,2021-07-31T22:34:51Z,Hola espero tengas un gran d√≠a :D (El video es mio) ‚òòSuscr√≠bete a mi segundo canal: ...,[],UCAWcA063KRC_J6cC3fzuLKQ,380182,39861,0,1177,{},[],{}
12/05/2024,4vyRBhWMb-Q,GLOBO AO VIVO HD 12/05/2024 - DOMING√ÉO COM HUCK - FANT√ÅSTICO,James Liam Abroch,2024-05-12T20:56:33Z,GLOBOAOVIVO #24HORAS Rede Globo √© uma rede de televis√£o comercial aberta brasileira com sede na cidade do Rio de ...,[],UCZAJyuMUn3rEvwO8hXlz1LA,14449,930,0,0,{},[],{}
12/05/2024,p2qwItzupC8,EN VIVO LA CASA DE LOS FAMOSOS 4 CAPITULO 95 | 12/05/2024 | LCDLF4 POSICIONAMIENTO | LCDLF4 LIVE,JacoShow,2024-05-12T22:23:52Z,topchefvip2 #exatl√≥nallstar #topchefvip #exatl√≥nallstar #topchefvip2 #lacasadelosfamososenvivo #topchefvip2 #exatl√≥nallstar ...,[],UCPxk93OrpZV4MA7Hm_f12bw,182,152,0,0,{},[],{}
12/05/2024,Z4mucmpZGvM,TIREI FOTOS COM FAMOSOS #shorts,Crescendo com Luluca,2022-11-10T21:30:03Z,TIREI FOTOS COM FAMOSOS #shorts Reuni nesse v√≠deo fotos de alguns famosos que j√° tirei foto. Faltaram alguns ent√£o deixem ...,[],UCnrGkE2AmBAv6Vxj6kjf1jg,10795193,535759,0,24375,{},[],{}
12/05/2024,POkEi5NdjB0,FAMOSOS QUE FORAM NA FESTA DA LULUCA,Cacau Haxkar,2024-04-07T17:00:11Z,,[],UC1XyiYP1CXDIWp0oKpbQ0Jg,4880536,210285,0,1198,{},[],{}
12/05/2024,eOOX49i7IOI,FAMOSOS ZOMBARAM DE DEUS E O PIOR ACONTECEU COM ELES ( LAMENT√ÅVEL ) COM DEUS NINGU√âM BRINCA,Melhores Not√≠cias Gospel,2021-12-01T19:00:12Z,FAMOSOS ZOMBARAM DE DEUS E O PIOR ACONTECEU COM ELES ( LAMENT√ÅVEL ) COM DEUS NINGU√âM BRINCA ...,[],UC5k_3Wd4OumK12gTzX196aw,812888,41933,0,2094,{},[],{}
12/05/2024,fAPI2YUhemg,"TOP 7 MANS√ÉO LUXUOSA DE FAMOSOS - Virginia Fonseca, Felipe Neto, Boca Rosa...",Sabe Tudo,2024-02-22T21:28:01Z,Descubra o fasc√≠nio por tr√°s das mans√µes de famosos mais deslumbrantes e invej√°veis dos famosos brasileiros! No novo v√≠deo ...,[],UC82_gteO24mgmXiMl4Hqh4w,33202,1015,0,28,{},[],{}
12/05/2024,79wBjn7l338,20 FAMOSOS BRASILEIROS QUE ARRUINARAM SUAS CARREIRAS COM UMA ENTREVISTA,QM Quem,2024-03-21T15:04:19Z,20 famosos brasileiros que arruinaram suas carreiras com uma entrevista. Atores e atrizes brasileiros e famosos que se deram ...,[],UCgYcmTVhisCFbE9xP7HAm5g,338694,18925,0,2614,{},[],{}
12/05/2024,OIzVcCxSN80,"5 FAMOSOS que ZOMBARARAM de DEUS, MAS n√£o sabiam das CONSEQU√äNCIAS",Pastor Ant√¥nio J√∫nior,2024-01-16T17:30:54Z,"Veja 5 artistas famosos que zombaram de Deus, sem saber das consequ√™ncias. Assista at√© o fim e compartilhe! Ganhe meus ...",[],UCKEM87jzVqdIfAdTr0xNBfA,683184,56030,0,2239,{},[],{}
12/05/2024,-kpLBGZPk3k,VEJA  ATORES FAMOSOS QUE PERDERAM TUDO E FICARAM NA POBREZA!,S√âRIE E NOSTALGIA,2022-12-27T17:00:00Z,"VEJA 7 ATORES FAMOSOS QUE PERDERAM TUDO E FICARAM NA MIS√âRIA! Tags: atores Famosos, atores, Famosos, ...",[],UCZKl8Mh6fTDgL0L6auf8DTA,1102117,23563,0,436,{},[],{}
12/05/2024,vEL__cooKKw,FAMOSOS QUE FIZERAM DOA√á√ÉO PARA O RIO GRANDE DO SUL üò± #famosos #doa√ß√µes #riograndedosul,I FAMOSOS ,2024-05-04T23:26:39Z,,[],UCtpOFuT_qYoZeUTCO89Xl-A,26769,1719,0,36,{},[],{}
12/05/2024,tqXYhyUti4A,6 Erros INACREDIT√ÅVEIS em Filmes FAMOSOS,Canal PeeWee,2021-12-28T21:00:31Z,"Um carro na Terra M√©dia, uma carro√ßa tunada em 180 d.C. e muito mais: hoje veremos 6 Erros INACREDIT√ÅVEIS em Filmes ...",[],UCferfyAeOJAjS9GoI4td6gg,458149,77610,0,1234,{},[],{}
12/05/2024,X_wIKCy2yjc,üõç‚óèFamosos que no soportan a Ariana Grande‚óèüõç#shorts,‚Ä¢ùêáùêÄùêèùêèùêò ùêïùêàùêÅùêÑùêí‚Ä¢,2022-02-15T18:30:10Z,,[],UCSVZY4Gn8HdOXbRinsMfMcA,3234455,323644,0,3100,{},[],{}
12/05/2024,vfymJjAtkp4,Deputada Federal Am√°lia Barros morreu Aos 39 Anos #noticias #famosos #news,Fortuna Em Destake,2024-05-12T14:53:27Z,,[],UCpcsVlUoWxFgRrEEBoD22mQ,12203,691,0,37,{},[],{}
12/05/2024,HQPpTSyZ6ig,7 Atores FAMOSOS que DESAPARECERAM (e onde eles est√£o),Canal PeeWee,2021-06-29T21:00:05Z,"Muitos atores famosos de Hollywood alcan√ßam o auge e somem das telonas. Seja por doen√ßa, problemas com a pol√≠cia ou ...",[],UCferfyAeOJAjS9GoI4td6gg,631295,93370,0,1749,{},[],{}
12/05/2024,IapgipXoJh4,AS 7 MANS√ïES IMPRESSIONANTES DE FAMOSOS BRASILEIROS,V√≠cio Curioso,2020-10-13T23:36:04Z,Instagram: @VicioCurioso J√° pensou em ter uma casa com uma ilha particular? Apartamento de 3 andares? Sala enorme e sal√£o ...,[],UC3m5murBf6Gj9bPdhbTOuyw,904653,24279,0,410,{},[],{}
12/05/2024,A5oXAPs0fqY,üåäüõ∏Famosos que fueron asesin4d0s por sus fans üõ∏üåä,- Baby girl,2021-07-22T18:52:45Z,Hola :D #Shorts #Famosos cr√©ditos: ...,[],UCAWcA063KRC_J6cC3fzuLKQ,3405278,155628,0,2460,{},[],{}
12/05/2024,hE-BYq0U51Y,100 MORTES DE FAMOSOS QUE TODOS N√ìS SENTIMOS MUITO NO BRASIL (2000-2024),QM Quem,2024-05-03T15:13:08Z,100 MORTES DE FAMOSOS QUE TODOS N√ìS SENTIMOS MUITO NO BRASIL (2000-2024) 00:00 Mortes que sentimos muito ...,[],UCgYcmTVhisCFbE9xP7HAm5g,94319,3130,0,115,{},[],{}
12/05/2024,WIXmVk4Lsqw,FAMOSOS QUE N√ÉO AGUENTARAM SEGURAR O JUBILEU E SE LASCARAM,N√£o Adivinho ,2023-04-01T21:00:11Z,Instagram: @omarcelomilos Twitter: @omarcelomilos Email para contato: contatonaoadivinho@gmail.com Edi√ß√£o: @flashinhoo ...,[],UCtjGoeeemrRzYxUAGSXQb7g,222584,22978,0,835,{},[],{}
12/05/2024,Gdj_FVeSWoM,FAMOSOS COM TDAH | 8 CELEBRIDADES COM TDAH | Transtorno do Deficit de Aten√ß√£o com Hiperatividade,Renato Alves Memoriza√ß√£o,2022-11-16T15:00:09Z,FAMOSOS COM TDAH | 8 CELEBRIDADES COM TDAH | Transtorno do D√©ficit de Aten√ß√£o com Hiperatividade O Transtorno do ...,[],UC1v81hcuk1whmrra0Tri_ww,23172,0,0,70,{},[],{}
12/05/2024,ITFpYnHrtws,Juliana do The Noite fala sobre Racismo na TV #famosos #viral #celebridades #fama #fofoca #noticias,Take da Fama ,2024-05-01T11:30:11Z,Juliana do The Noite fala sobre Racismo na TV #famosos #viral #celebridades #fama #fofoca #noticias.,[],UCaEI2Z-05W6FjtKCU8iA5-A,329713,20778,0,682,{},[],{}
12/05/2024,XF-Lu7x7z48,Aut√≥psia de Famosos - Michael Jackson,RETRO,2018-08-01T04:15:26Z,,[],UC8f5CWV8QZiUUTua8Lq5qLQ,462025,9820,0,1327,{},[],{}
12/05/2024,eCzgtge6u-M,REA√á√ïES INESPERADAS DE FAMOSOS NA PLATEIA | Pipoca Perfeita,Pipoca Perfeita,2021-03-19T16:00:31Z,"Rihanna, Ariana Grande, Kevin Hart, Drake, Nicki Minaj, Lil Wayne, Kanye West, Taylor Swift, Beyonc√©, Miley Cyrus, Justin Bieber ...",[],UCNXThK-yHcldeKuO-cb_3GQ,1533364,83253,0,1084,{},[],{}
12/05/2024,oMHxiTnwoyM,Famosos que morreram em acidentes de avi√£o.,Canal do Edu,2021-11-16T14:40:52Z,,[],UCQkxlkr3tXo0Bt0S_nNdwyA,2046219,120481,0,598,{},[],{}
12/05/2024,JmtXI2MiQng,FAMOSOS ANGOLANOS QUE S√ÉO DA MESMA FAM√çLIA,ANGO CURIOSO,2021-04-30T19:56:55Z,FAMOSOS ANGOLANOS QUE S√ÉO DA MESMA FAM√çLIA O mundo artistico √© uma caixa de mist√©rios. Venha saber quem s√£o os ...,[],UC7sSsq8JL4RlDv-KmRECqSQ,99472,3285,0,22,{},[],{}
12/05/2024,73E0LGFMQeI,7 Famosos que j√° doaram para as V√≠timas das Enchentes no Rio Grande do Sul parte1 #famosos #Noticias,Fortuna Em Destake,2024-05-09T12:43:05Z,,[],UCpcsVlUoWxFgRrEEBoD22mQ,7915,216,0,2,{},[],{}
12/05/2024,LyQc7_IHT_8,FAMOSOS QUE SE PERDERAM NAS DROGAS,N√£o Adivinho ,2022-12-10T21:00:07Z,Instagram: @omarcelomilos Twitter: @omarcelomilos Email para contato: contatonaoadivinho@gmail.com Edi√ß√£o: ...,[],UCtjGoeeemrRzYxUAGSXQb7g,105833,8853,0,274,{},[],{}
12/05/2024,E7d0IwEBam0,Famosos que N√ÉO acreditam em Deus,B√≠blia Inspiradora,2024-02-19T22:00:10Z,,[],UCIAT7CGrb2KyfZeaylXQN6A,2373069,148437,0,28494,{},[],{}
12/05/2024,KqHvu2ZtmRg,üî¥ As Celebridades que envelheceram horrivelmente!,Fala de Tudo,2017-02-04T20:15:22Z,Confira as celebridades que se deterioraram com o tempo. Como est√£o hoje atrizes e atores que antes eram s√≠mbolos de beleza ...,[],UC-GhFOHQWAP0nUxTMKtjCOQ,7926622,181279,0,8496,{},[],{}
12/05/2024,obChNJT8y_M,FAMOSOS ANTES E DEPOIS DAS DORGAS! (parte 1) üòÇ,Diogo Matheus,2023-06-01T00:02:18Z,Meu TikTok: https://www.tiktok.com/@_diogomatheus?_t=8Yz3ZCGLDyn&_r=1 Meu Kwai: ...,[],UCx2qA_FZrO-WRJOPV0o1SHg,1666985,158362,0,1506,{},[],{}
12/05/2024,34M3b4JGbvM,Famosos que n√£o acreditam em Deus #jesus,B√≠blia Inspiradora,2023-09-08T21:07:36Z,,[],UCIAT7CGrb2KyfZeaylXQN6A,11046519,506010,0,96716,{},[],{}
12/05/2024,TIgvAbU_h70,"CASA da NIVEA STELMANN, CARLA PEREZ, RENATO ARAG√ÉO e outros famosos nos EUA",Ricardo Molina USA,2021-08-10T14:31:21Z,Voc√™ curte ver as casas das CELEBRIDADES BRASILEIRAS nos Estados Unidos? Ent√£o nesse v√≠deo eu vou matar a sua ...,[],UCOCXti8bC9uE6ws22yBIZLA,211561,10176,0,302,{},[],{}
12/05/2024,4QkAwhdJ_GI,Ator Marcello Novaes √© Demitido da Rede Globo #noticias #famosos #news,Fortuna Em Destake,2024-05-11T14:17:30Z,,[],UCpcsVlUoWxFgRrEEBoD22mQ,3698,87,0,1,{},[],{}
12/05/2024,q7Op-xoMusI,JULGANDO TWEETS de FAMOSOS ft Luba,O Jean Luca,2019-09-24T21:00:10Z,Resolvemos ler os tweets mais vergonha alheia dos famosos. √â CADA COISA ESTRANHA! Canal do Luba: ...,[],UCgMuI-QIs-U8kNNjo4NCjRQ,3716920,295518,0,4488,{},[],{}
12/05/2024,LeTJl2WYhQI,20 S√ìSIAS perfeitos de FAMOSOS que ir√£o confundir sua cabe√ßa,Not√≠cias e Not√≠cias,2022-10-10T15:00:12Z,20 S√ìSIAS perfeitos de FAMOSOS que ir√£o confundir sua cabe√ßa Cr√©ditos: https://www.awebic.com/ ...,[],UC1Op58WpaaOYT4Vn2u-4sWA,4911,111,0,7,{},[],{}
12/05/2024,sqZnAxzLzKg,ZANGADO CONTRA FAMOSOS ‚ù§Ô∏è‚Äçüî•,ZANGADO FF,2022-03-04T18:07:32Z,I love youu‚ù§Ô∏è Instagram: @zangado7x Follow me :p M√∫sica: #freefire‚Äã‚Äã‚Äã‚Äã‚Äã‚Äã‚Äã‚Äã‚Äã‚Äã‚Äã‚Äã‚Äã‚Äã‚Äã‚Äã‚Äã‚Äã ...,[],UCBa6Ew8GMDnGILcuX56gqUA,58265,3335,0,70,{},[],{}
12/05/2024,PM4AOIj-73E,COMPAREI MINHA ALTURA COM A DOS FAMOSOS üò¨ #altura #baixinho #famosos #memesbr #comedia #viral,Gabriel Alves,2022-07-13T12:10:00Z,,[],UCBEevKnadYw4JDXNzI8mNcw,560862,23328,0,1906,{},[],{}
12/05/2024,8BVoMGSEOKE,O problema come√ßa quando brasileiro comenta em live de famosos,T3ddy,2023-04-06T22:35:19Z,"S√≥ pra n√£o esquecerem, meu c√≥d. √©: T3ddy Meu canal de games: https://youtube.com/t3ddygameslive Instagram: ...",[],UC5mZsx_OVnc4XmG9rWU2p3A,867215,88276,0,3312,{},[],{}
12/05/2024,pFe95n5mzak,FAMOSOS QUE EXAGERARAM NA HARMONIZA√á√ÉO FACIAL #2,N√£o Adivinho ,2023-06-16T21:30:04Z,Instagram: @omarcelomilos Twitter: @omarcelomilos Email para contato: contatonaoadivinho@gmail.com Edi√ß√£o: ...,[],UCtjGoeeemrRzYxUAGSXQb7g,156045,10162,0,692,{},[],{}
12/05/2024,ziQL-aM6U6M,üî¥ Do Luxo ao Lixo - Celebridades Milion√°rias que ficaram Pobres!,Fala de Tudo,2017-02-23T20:49:12Z,Celebridades milion√°rias que ficaram pobres! Curta a nova pagina do FB para saber qndo sai v√≠deos novos! Facebook ...,[],UC-GhFOHQWAP0nUxTMKtjCOQ,16534049,324789,0,9760,{},[],{}
12/05/2024,42j39nLMihE,J√öLIA MAZZOCCO E SUAS AMIGAS DAN√áANDO - | TIK TOK DOS FAMOSOS üéÖ‚ù§Ô∏è,TIK TOK DOS FAMOSOS,2023-12-02T01:03:09Z,,[],UC_YAY65gyZ3t0vUdgcnn64Q,7111687,245525,0,1707,{},[],{}
12/05/2024,9fdJCA-qfF4,SONHAR COM FAMOSOS E INFLUENCERS - √â UM BOM SINAL,Profeta Vinicius Iracet,2022-10-24T22:35:05Z,Deus me levantou para te ensinar a ouvir a voz de Deus. Parceiros do Minist√©rio PIX: 41.521.967/0001-04 ou PayPal: ...,[],UCe7neKTqv4ygXRiP2lqWWIg,125256,18924,0,574,{},[],{}
12/05/2024,yfGa2kFLNs4,Monte sua fam√≠lia. Vers√£o famosos #familiafamosa #montesuafamilia #montesuavida #cantese,Carola4k üôÉ,2023-06-16T14:23:26Z,,[],UCrs3nx74Nhp6FNCL8fi7icQ,1501088,103111,0,797,{},[],{}
12/05/2024,U9NNf_YvlhY,Famosos Surpreendendo F√£s Como Ubers | Pipoca Perfeita,Pipoca Perfeita,2021-02-25T16:00:09Z,"Olha s√≥ essas celebridades que inventaram de dar uma de Uber: Demi Lovato, Will Smith, Alicia Keys e DJ Khaled.",[],UCNXThK-yHcldeKuO-cb_3GQ,35605,1817,0,40,{},[],{}
12/05/2024,9MZzQTzgJm8,Famosos Que Previram a Pr√≥pria Morte,Canal do Edu,2021-12-05T14:31:46Z,Email para contato de parcerias: eduardocarlosfonsecasilva@outlook.com.,[],UCQkxlkr3tXo0Bt0S_nNdwyA,1268697,86241,0,294,{},[],{}
12/05/2024,qnJgGyFzFZ0,FAMOSOS QUE FIZERAM PACTO COM O &quot;DJANHO! #01,Caixa V√©ia,2022-07-12T21:20:00Z,ANUNCIE SUA MARCA OU EMPRESA AQUI NO CANAL! Contato profissional: caixaveia.contato@gmail.com . Me siga no ...,[],UC0ztjfshF80rmbqa-Bdu63g,115388,9304,0,408,{},[],{}
12/05/2024,4xQZDOn-yto,PESSOAS QUE SE PARECEM COM FAMOSOS! #curiosidades #famosos #shorts,Edu Souzza,2022-06-06T22:16:40Z,,[],UCrpr8tedpEkCLssuKz-QfOQ,3743980,370260,0,2937,{},[],{}
12/05/2024,64qlARO_mlM,CELEBRIDADES ADVENTISTAS. FAMOSOS ADVENTISTAS,Curiosidade Crist√£,2022-01-30T09:30:01Z,A Igreja Adventista do S√©timo Dia est√° presente em todo o mundo e no Brasil √© uma das mais importantes denomina√ß√µes ...,[],UCMWJ_DLBtZwpokiG29hc8Eg,16847,891,0,228,{},[],{}
12/05/2024,4L9oUv4n2Gs,FAMOSOS QUE FALARAM MAL DO BRASIL E SE ARREPENDERAM,N√£o Adivinho ,2023-02-20T15:30:03Z,Instagram: @omarcelomilos Twitter: @omarcelomilos Email para contato: contatonaoadivinho@gmail.com Edi√ß√£o: ...,[],UCtjGoeeemrRzYxUAGSXQb7g,61824,7839,0,541,{},[],{}
12/05/2024,Gdj_FVeSWoM,FAMOSOS COM TDAH | 8 CELEBRIDADES COM TDAH | Transtorno do Deficit de Aten√ß√£o com Hiperatividade,Renato Alves Memoriza√ß√£o,2022-11-16T15:00:09Z,FAMOSOS COM TDAH | 8 CELEBRIDADES COM TDAH | Transtorno do D√©ficit de Aten√ß√£o com Hiperatividade O Transtorno do ...,[],UC1v81hcuk1whmrra0Tri_ww,23172,0,0,70,{},[],{}
12/05/2024,G-cuCPfxrN4,Famosos que Morreram em 2021.,Canal do Edu,2021-11-23T20:00:10Z,,[],UCQkxlkr3tXo0Bt0S_nNdwyA,689897,33218,0,302,{},[],{}
12/05/2024,978jtPnDhs0,CANTORES CRIST√ÉOS FAMOSOS QUE SE AFASTARAM DE DEUS E PAGARAM UM ALTO PRE√áO,Melhores Not√≠cias Gospel,2021-08-02T20:45:01Z,CANTORES CRIST√ÉOS FAMOSOS QUE SE AFASTARAM DE DEUS E PAGARAM UM ALTO PRE√áO ‚ñ∑ INSTAGRAM: ...,[],UC5k_3Wd4OumK12gTzX196aw,659196,38433,0,1820,{},[],{}
12/05/2024,W4NP3bDOLcA,famosos que acreditam em Deus #famosos 17:00,my_aesthetic,2023-03-25T20:00:55Z,,[],UC0ARxb5yAvWvpm7jAcXRcBw,69348,5168,0,285,{},[],{}
12/05/2024,tIf5PlEHv3s,Famosos que Cometeram Suic√≠dio,T√¥ Sabendo!,2022-05-05T20:30:06Z,Veja alguns famosos que se suicidaram e o motivos que levaram a tirar as suas pr√≥prias vidas. Talvez voc√™ deva conversar ...,[],UC1zf08hj9fyhPWsFpVOQ9yQ,4385,93,0,26,{},[],{}
12/05/2024,DNVMU7XvyXI,Famosos Antes e depois das DROGAS  #shorts,Quer saber?,2023-01-15T17:12:29Z,Veja alguns famosos como ficaram depois das drogas. infelizmente muitos ainda n√£o sa√≠ram dessa vida.,[],UC3oxv8ENixj3jKqaB13OBQA,3343078,22818,0,661,{},[],{}
12/05/2024,JmtXI2MiQng,FAMOSOS ANGOLANOS QUE S√ÉO DA MESMA FAM√çLIA,ANGO CURIOSO,2021-04-30T19:56:55Z,FAMOSOS ANGOLANOS QUE S√ÉO DA MESMA FAM√çLIA O mundo artistico √© uma caixa de mist√©rios. Venha saber quem s√£o os ...,[],UC7sSsq8JL4RlDv-KmRECqSQ,99472,3285,0,22,{},[],{}
12/05/2024,TIgvAbU_h70,"CASA da NIVEA STELMANN, CARLA PEREZ, RENATO ARAG√ÉO e outros famosos nos EUA",Ricardo Molina USA,2021-08-10T14:31:21Z,Voc√™ curte ver as casas das CELEBRIDADES BRASILEIRAS nos Estados Unidos? Ent√£o nesse v√≠deo eu vou matar a sua ...,[],UCOCXti8bC9uE6ws22yBIZLA,211561,10176,0,302,{},[],{}
12/05/2024,m9ydMI0xKdA,FAMOSOS QUE EXAGERARAM NA HARMONIZA√á√ÉO FACIAL,N√£o Adivinho ,2023-02-15T21:12:25Z,Instagram: @omarcelomilos Twitter: @omarcelomilos Email para contato: contatonaoadivinho@gmail.com Edi√ß√£o: ...,[],UCtjGoeeemrRzYxUAGSXQb7g,239582,14350,0,746,{},[],{}
12/05/2024,-SZr20RKV_E,6 Atores FAMOSOS que Come√ßaram Fazendo NOVELAS,Canal PeeWee,2021-06-15T21:00:00Z,"Voc√™ pode at√© n√£o gostar de novelas, mas vamos combinar: muito ator bom saiu direto delas pros cinemas. √â exatamente isso ...",[],UCferfyAeOJAjS9GoI4td6gg,248513,44828,0,1009,{},[],{}
12/05/2024,zz5ExQZgpWU,QUANTO CUSTA a MANS√ÉO do SILVIO SANTOS e outros famosos nos EUA,Ricardo Molina USA,2020-10-11T14:30:03Z,Pra falar com o Ricardo Molina: http://bit.ly/IGMolina Mans√£o vizinha da Gloria Pires: https://youtu.be/vMvDm9jUXhM Pra ver ...,[],UCOCXti8bC9uE6ws22yBIZLA,476716,17359,0,449,{},[],{}
12/05/2024,4L9oUv4n2Gs,FAMOSOS QUE FALARAM MAL DO BRASIL E SE ARREPENDERAM,N√£o Adivinho ,2023-02-20T15:30:03Z,Instagram: @omarcelomilos Twitter: @omarcelomilos Email para contato: contatonaoadivinho@gmail.com Edi√ß√£o: ...,[],UCtjGoeeemrRzYxUAGSXQb7g,61824,7839,0,541,{},[],{}
12/05/2024,gIb-2Uw2k6Y,"Os sal√°rios que Eliana, Chris Flores e Christina Rocha ganhavam no SBT #noticias #famosos #fortuna",Fortuna Em Destake,2024-05-04T13:08:48Z,,[],UCpcsVlUoWxFgRrEEBoD22mQ,133616,3005,0,18,{},[],{}
12/05/2024,qnJgGyFzFZ0,FAMOSOS QUE FIZERAM PACTO COM O &quot;DJANHO! #01,Caixa V√©ia,2022-07-12T21:20:00Z,ANUNCIE SUA MARCA OU EMPRESA AQUI NO CANAL! Contato profissional: caixaveia.contato@gmail.com . Me siga no ...,[],UC0ztjfshF80rmbqa-Bdu63g,115388,9304,0,408,{},[],{}
12/05/2024,rzBcCezlUMI,üî•FAMOSOS SEM MAQUIAGEMüî•,FALA BAIXO,2022-08-18T14:52:23Z,,[],UCvRJBTdNmm5RWU2WN5v7cMg,11270,367,0,13,{},[],{}
12/05/2024,dtyOgGcb7pk,Famosos Reagindo a Tweets MUITO MALDOSOS | Pipoca Perfeita,Pipoca Perfeita,2021-03-13T16:00:24Z,"Veja todas essas grandes estrelas reagindo a Tweets Super Maldosos: Gal Gadot, Emma Watson, Kumail Nanjani, Jim Parsons, ...",[],UCNXThK-yHcldeKuO-cb_3GQ,34935,2983,0,112,{},[],{}
12/05/2024,eCzgtge6u-M,REA√á√ïES INESPERADAS DE FAMOSOS NA PLATEIA | Pipoca Perfeita,Pipoca Perfeita,2021-03-19T16:00:31Z,"Rihanna, Ariana Grande, Kevin Hart, Drake, Nicki Minaj, Lil Wayne, Kanye West, Taylor Swift, Beyonc√©, Miley Cyrus, Justin Bieber ...",[],UCNXThK-yHcldeKuO-cb_3GQ,1533364,83253,0,1084,{},[],{}
12/05/2024,DIvmCFN6ud4,21 FAMOSOS VEGANOS QUE NO CONOC√çAS,mami vegana,2023-02-05T23:41:38Z,"Hola familia! Esta semana os hablamos de 21 famosos o celebridades que son veganas, seguro que no conoc√≠as la mayor√≠a!",[],UCFXXokewrevjfyviGNchDyQ,7400,779,0,80,{},[],{}
12/05/2024,1wwYMfEDxRs,RUSSA REAGINDO 13 FAMOSOS INTERNACIONAIS QUE S√ÉO BRASILEIROS E VOC√ä N√ÉO SABIA üò±,Olga Do Brasil,2021-03-07T14:00:00Z,Vamos descobrir juntos alguns brasileiros famosos internacionais!! Torne-se um patrocinador do canal e voc√™ ter√° acesso a ...,[],UCAdWun5RCSwqE-n1FC9bpcQ,227941,31523,0,940,{},[],{}
12/05/2024,r5jPldb81bk,Famosos que torce para o cruzeiro üíôü¶ä!,Z U M M M M M M H Oficial,2022-04-29T19:37:17Z,,[],UCbQ1m6jRD1Tjg6ZnrvOgSZQ,329519,18146,0,702,{},[],{}
12/05/2024,sV9ww1yRp2k,FAMOSOS QUE PULARAM A CERCA E SE DERAM MAL,N√£o Adivinho ,2023-06-12T15:10:00Z,Instagram: @omarcelomilos Twitter: @omarcelomilos Email para contato: contatonaoadivinho@gmail.com Edi√ß√£o: ...,[],UCtjGoeeemrRzYxUAGSXQb7g,49125,5295,0,178,{},[],{}
12/05/2024,Zvr56Wx_SGE,3 FAMOSOS QUE CONSEGUIRAM PARAR DE BEBER,Psic√≥logo Nilton Campos,2023-01-25T19:22:03Z,"Conhe√ßa a hist√≥ria de 3 famosos que venceram o alcoolismo e a depend√™ncia qu√≠mica. Voc√™ quer parar de beber, abandonar o ...",[],UC6d31Y8B2k-66g_i-nlCTag,6834,590,0,34,{},[],{}
12/05/2024,A2t3m5w04IU,Famosos que odeiam o Brasil.,Canal do Edu,2021-11-26T21:04:05Z,,[],UCQkxlkr3tXo0Bt0S_nNdwyA,1341715,77232,0,2800,{},[],{}
12/05/2024,MX-SVJeqUhA,OS FAMOSOS QUE N√ÉO SUPORTAM BTS,Anderson Vieira,2021-01-29T15:00:08Z,Alguns artistas s√£o quase t√£o isentos de grandes pol√™micas que √© at√© dificil imaginar que algu√©m possa ter alguma coisa contra ...,[],UCBoRGoGLDMsBeGx3yYjGo7Q,407780,47908,0,6439,{},[],{}
12/05/2024,pFe95n5mzak,FAMOSOS QUE EXAGERARAM NA HARMONIZA√á√ÉO FACIAL #2,N√£o Adivinho ,2023-06-16T21:30:04Z,Instagram: @omarcelomilos Twitter: @omarcelomilos Email para contato: contatonaoadivinho@gmail.com Edi√ß√£o: ...,[],UCtjGoeeemrRzYxUAGSXQb7g,156045,10162,0,692,{},[],{}
12/05/2024,8BVoMGSEOKE,O problema come√ßa quando brasileiro comenta em live de famosos,T3ddy,2023-04-06T22:35:19Z,"S√≥ pra n√£o esquecerem, meu c√≥d. √©: T3ddy Meu canal de games: https://youtube.com/t3ddygameslive Instagram: ...",[],UC5mZsx_OVnc4XmG9rWU2p3A,867215,88276,0,3312,{},[],{}
12/05/2024,ziQL-aM6U6M,üî¥ Do Luxo ao Lixo - Celebridades Milion√°rias que ficaram Pobres!,Fala de Tudo,2017-02-23T20:49:12Z,Celebridades milion√°rias que ficaram pobres! Curta a nova pagina do FB para saber qndo sai v√≠deos novos! Facebook ...,[],UC-GhFOHQWAP0nUxTMKtjCOQ,16534049,324789,0,9760,{},[],{}
12/05/2024,fZzTBy1ZAz4,COMPARANDO MINHA ALTURA COM A DOS FAMOSOS üòÖ #shorts #lupinhas #comedia #baixinho #altura #famosos,Gabriel Alves,2022-08-06T12:16:35Z,,[],UCBEevKnadYw4JDXNzI8mNcw,80536,3211,0,210,{},[],{}
12/05/2024,wpOtQP_C-zQ,Heran√ßa do cantor Anderson Leonardo #noticias #famosos #news,Fortuna Em Destake,2024-05-01T12:53:05Z,,[],UCpcsVlUoWxFgRrEEBoD22mQ,114431,5250,0,55,{},[],{}
12/05/2024,1-qx_21l9vk,Vit√£o dan√ßa dos famosos dan√ßando dan√ßa contempor√¢nea (26/06/22),real novelas hdtv,2022-06-26T23:25:26Z,Danca2022.,[],UCTAjX1c5Cfxu-BaTRjgoI3w,49019,782,0,73,{},[],{}
12/05/2024,PNI6CuGJ2ts,WINDERMERE: CIDADE DOS FAMOSOS,Renato Alves Corretor e Designer,2023-05-18T21:30:02Z,Voc√™ j√° ouviu falar de Windermere? Windermere √© uma das cidades mais procuradas pelos brasileiros que se mudam para a ...,[],UC7zoj1HRdu1nyXdvoLtu32g,10967,871,0,12,{},[],{}
12/05/2024,g5PwVnyjhig,üíî √öltimas palabras de algunos famosos antes de morir üíîüòû,chayanne tu papi,2020-11-02T06:52:46Z,,[],UCj9ZpmNlH20kXGLdjw6bp7w,13293892,932439,0,29785,{},[],{}
12/05/2024,fYnTDYGdOFA,FAMOSOS que falaram de CHICO XAVIER #chicoxavier #espiritismo,Canal - Espiritualidade em Foco,2022-05-23T00:16:42Z,"FAMOSOS que falaram de CHICO XAVIER #chicoxavier #espiritismo Francisco C√¢ndido Xavier, mais conhecido como Chico ...",[],UChPTG7GaCE9DrQCL2Ni6z6w,2758,247,0,39,{},[],{}
12/05/2024,9YsuTEzVwZI,Anivers√°rios de famosos que¬†fomos - Clau Santana e MC Divertida,Clau Santana,2024-04-08T22:00:04Z,Anivers√°rios de famosos que fomos - Clau Santana e MC Divertida Gostaram do v√≠deo? Deixa aquele like e n√£o esquece de se ...,[],UCRF9JzGh8M7mTReHWVyfOyQ,281793,1739,0,42,{},[],{}
12/05/2024,DcnpXhaRAaE,Xande de Pilares na dan√ßa dos famosos repescagem dancinha da internet,familia vlog,2022-05-23T10:27:42Z,xandedepilares #dan√ßadosfamosos #dancinhadainter #doming√£ocomhuck.,[],UC8Rl15N-E2Jyvo_1dsJND0g,8932,65,0,0,{},[],{}
12/05/2024,B-LlDpzegOg,T√öMULOS DE FAMOSOS MAIS VISITADOS DO MUNDO  ( THE  MOST VISITED FAMILY TOMBS IN THE WORLD ),EUDES ALVES OFICIAL,2021-03-05T14:43:00Z,NESTE V√çDEO FAZEMOS HOMENAGEM A GRANDES √çDOLOS MUNDIAIS. MOSTRAMOS OS T√öMULOS E FALAMOS UM ...,[],UCyZI_SE_UBYYHWQiqQK03hA,168542,6299,0,283,{},[],{}
12/05/2024,i41sK4NJ0zQ,Lulu Davola no famosos da internet do programa da Eliana,Mam√£e das Davolas,2022-08-01T01:25:48Z,"Programa do dia 31/07/2022, foi maravilhoso! ‚ù§Ô∏è #famososdainternet #eliana #programadaeliana #luludavola.",[],UCye1hjxIAbAsyfmRibNm7Yg,53491,1844,0,0,{},[],{}
12/05/2024,73E0LGFMQeI,7 Famosos que j√° doaram para as V√≠timas das Enchentes no Rio Grande do Sul parte1 #famosos #Noticias,Fortuna Em Destake,2024-05-09T12:43:05Z,,[],UCpcsVlUoWxFgRrEEBoD22mQ,7915,216,0,2,{},[],{}
12/05/2024,LeTJl2WYhQI,20 S√ìSIAS perfeitos de FAMOSOS que ir√£o confundir sua cabe√ßa,Not√≠cias e Not√≠cias,2022-10-10T15:00:12Z,20 S√ìSIAS perfeitos de FAMOSOS que ir√£o confundir sua cabe√ßa Cr√©ditos: https://www.awebic.com/ ...,[],UC1Op58WpaaOYT4Vn2u-4sWA,4911,111,0,7,{},[],{}
12/05/2024,sbYFF1Aarm8,3 FAMOSOS QUE SE CONVERTERAM POUCO ANTES DE MORRER,Pastor Ant√¥nio J√∫nior,2022-05-31T19:00:30Z,Veja 3 famosos que se converteram e aceitaram Jesus antes de morrer. Assista at√© o fim e compartilhe. Participe da Jornada da ...,[],UCKEM87jzVqdIfAdTr0xNBfA,593951,70493,0,1547,{},[],{}
12/05/2024,BgBEU_lS1p0,Saiba Quanto Matteus j√° acumulou em pr√™mios no BBB24 #noticias #famosos #bbb #noticiasbbb,Fortuna Em Destake,2024-04-14T12:32:29Z,,[],UCpcsVlUoWxFgRrEEBoD22mQ,264532,15727,0,275,{},[],{}
12/05/2024,lARlI4iy0c8,SEPULTURA DE FAMOSOS CEMIT√âRIO DO MORUMBI,Ca√ßadores de lugares perdidos,2023-03-25T22:00:29Z,"CEMIT√âRIO PARQUE MORUMBY Fundado em 1968 pela Comunidade Religiosa Jo√£o XXIII, e constru√≠do no bairro do Morumbi, ...",[],UCZXGHXQ5fO2g04pqWrqcPXA,6115,421,0,102,{},[],{}
12/05/2024,H9QXb5GDiYw,FAMOSOS ANTES E DEPOIS DAS PL√ÅSTICAS 3 (desvendando a rino de passagem em hollywood),Breno Moreru,2021-06-29T22:12:03Z,assim como nossa pobre menina rica cristal bei√ßudo kylie jenner uma vez escolheu como tema pra festa de tr√™s anos de nosso ...,[],UCoKceCBgCiA1bzRX9bXPqdw,132462,17722,0,1015,{},[],{}
12/05/2024,1DZKXZCRmW8,T√∫mulos de famosos mais visitados no Brasil,Seu √∫ltimo dia ,2019-10-29T16:20:16Z,"Segue o primeiro v√≠deo do nosso canal pessoal, espero que gostem, se inscrevam e deixem seu like e nos ajudem a crescer o ...",[],UCeRmGFXX6JbfnNbYRJZl8Dw,55195,1211,0,29,{},[],{}
12/05/2024,Pb7BlukBkaQ,Rodrigo Simas - Forr√≥ - Dan√ßa dos Famosos 2012,rodlindoperfeito,2013-02-21T18:02:40Z,,[],UCPtqikaea3xIu3uwBjcrFtA,378653,1226,0,7,{},[],{}
12/05/2024,ZkcGim0G5GM,15 FAMOSOS QUE MELHORARAM A APAR√äNCIA COM HARMONIZA√á√ÉO FACIAL!,Marcantes Da Fama,2022-11-26T21:30:03Z,Veja 15 Famosos Que Melhoraram A Apar√™ncia Com Harmoniza√ß√£o Facial! Neste v√≠deo vamos ver o antes e depois de quinze ...,[],UCpkSChg7ggdVhoVlrfWEKqQ,8205,79,0,12,{},[],{}
12/05/2024,TObGS-dpsHQ,famosos que son de Honduras,Aesthetic girl ‚ô°,2022-01-30T17:15:10Z,,[],UCIBD114GJbrusVjEArnDBVw,289882,15065,0,633,{},[],{}
12/05/2024,6xi8pBh4lTE,FAMOSOS VEGANOS OU VEGETARIANOS! QUEM S√ÉO ELES ??,Vegflix,2019-10-10T14:30:00Z,"No video de hoje, Mussinha @Mussinha_Carol vai comentar sobre os artistas e pessoas p√∫blicas que s√£o veganos, ...",[],UCOgNPIg-Sw14JbwqaIUkfjg,22177,3706,0,269,{},[],{}
12/05/2024,64qlARO_mlM,CELEBRIDADES ADVENTISTAS. FAMOSOS ADVENTISTAS,Curiosidade Crist√£,2022-01-30T09:30:01Z,A Igreja Adventista do S√©timo Dia est√° presente em todo o mundo e no Brasil √© uma das mais importantes denomina√ß√µes ...,[],UCMWJ_DLBtZwpokiG29hc8Eg,16847,891,0,228,{},[],{}
12/05/2024,R5nL8uQCx9c,CANDIDATOS FAMOSOS QUE PERDERAM AS ELEI√á√ïES,N√£o Adivinho ,2022-10-14T22:04:55Z,Instagram: @omarcelomilos Twitter: @omarcelomilos Email para contato: contatonaoadivinho@gmail.com Edi√ß√£o: ...,[],UCtjGoeeemrRzYxUAGSXQb7g,251155,23416,0,1174,{},[],{}
13/05/2024,IWC1y9MhVXs,üî¥ EN VIVO LA CASA DE LOS FAMOSOS 4 CAPITULO 96 | Lunes 13/05/2024 | LCDLF | VIDEO REACCION,DE TODO PERU,2024-05-13T22:35:15Z,"Hola mi nombre es ALEXANDER, te doy la bienvenida a mi canal ""DE TODO PERU""! en este video reaccionaremos, ...",[],UCMjTNUG_JryWBAZ21LgNUcQ,124249,4909,0,0,{},[],{}
13/05/2024,1E2sP2yUGCs,Famosos parte de la comunidad LGBT+ üè≥Ô∏è‚Äçüåà  Parte1 - Baby girl,- Baby girl,2021-07-31T22:34:51Z,Hola espero tengas un gran d√≠a :D (El video es mio) ‚òòSuscr√≠bete a mi segundo canal: ...,[],UCAWcA063KRC_J6cC3fzuLKQ,380228,39867,0,1179,{},[],{}
13/05/2024,Z4mucmpZGvM,TIREI FOTOS COM FAMOSOS #shorts,Crescendo com Luluca,2022-11-10T21:30:03Z,TIREI FOTOS COM FAMOSOS #shorts Reuni nesse v√≠deo fotos de alguns famosos que j√° tirei foto. Faltaram alguns ent√£o deixem ...,[],UCnrGkE2AmBAv6Vxj6kjf1jg,10802201,535869,0,24383,{},[],{}
13/05/2024,eOOX49i7IOI,FAMOSOS ZOMBARAM DE DEUS E O PIOR ACONTECEU COM ELES ( LAMENT√ÅVEL ) COM DEUS NINGU√âM BRINCA,Melhores Not√≠cias Gospel,2021-12-01T19:00:12Z,FAMOSOS ZOMBARAM DE DEUS E O PIOR ACONTECEU COM ELES ( LAMENT√ÅVEL ) COM DEUS NINGU√âM BRINCA ...,[],UC5k_3Wd4OumK12gTzX196aw,813653,41956,0,2096,{},[],{}
13/05/2024,fAPI2YUhemg,"TOP 7 MANS√ÉO LUXUOSA DE FAMOSOS - Virginia Fonseca, Felipe Neto, Boca Rosa...",Sabe Tudo,2024-02-22T21:28:01Z,Descubra o fasc√≠nio por tr√°s das mans√µes de famosos mais deslumbrantes e invej√°veis dos famosos brasileiros! No novo v√≠deo ...,[],UC82_gteO24mgmXiMl4Hqh4w,33325,1017,0,28,{},[],{}
13/05/2024,POkEi5NdjB0,FAMOSOS QUE FORAM NA FESTA DA LULUCA,Cacau Haxkar,2024-04-07T17:00:11Z,,[],UC1XyiYP1CXDIWp0oKpbQ0Jg,4943426,212957,0,1208,{},[],{}
13/05/2024,hE-BYq0U51Y,100 MORTES DE FAMOSOS QUE TODOS N√ìS SENTIMOS MUITO NO BRASIL (2000-2024),QM Quem,2024-05-03T15:13:08Z,100 MORTES DE FAMOSOS QUE TODOS N√ìS SENTIMOS MUITO NO BRASIL (2000-2024) 00:00 Mortes que sentimos muito ...,[],UCgYcmTVhisCFbE9xP7HAm5g,97844,3257,0,128,{},[],{}
13/05/2024,OIzVcCxSN80,"5 FAMOSOS que ZOMBARARAM de DEUS, MAS n√£o sabiam das CONSEQU√äNCIAS",Pastor Ant√¥nio J√∫nior,2024-01-16T17:30:54Z,"Veja 5 artistas famosos que zombaram de Deus, sem saber das consequ√™ncias. Assista at√© o fim e compartilhe! Ganhe meus ...",[],UCKEM87jzVqdIfAdTr0xNBfA,684203,56086,0,2232,{},[],{}
13/05/2024,79wBjn7l338,20 FAMOSOS BRASILEIROS QUE ARRUINARAM SUAS CARREIRAS COM UMA ENTREVISTA,QM Quem,2024-03-21T15:04:19Z,20 famosos brasileiros que arruinaram suas carreiras com uma entrevista. Atores e atrizes brasileiros e famosos que se deram ...,[],UCgYcmTVhisCFbE9xP7HAm5g,341234,19058,0,2640,{},[],{}
13/05/2024,vEL__cooKKw,FAMOSOS QUE FIZERAM DOA√á√ÉO PARA O RIO GRANDE DO SUL üò± #famosos #doa√ß√µes #riograndedosul,I FAMOSOS ,2024-05-04T23:26:39Z,,[],UCtpOFuT_qYoZeUTCO89Xl-A,27122,1751,0,37,{},[],{}
13/05/2024,tqXYhyUti4A,6 Erros INACREDIT√ÅVEIS em Filmes FAMOSOS,Canal PeeWee,2021-12-28T21:00:31Z,"Um carro na Terra M√©dia, uma carro√ßa tunada em 180 d.C. e muito mais: hoje veremos 6 Erros INACREDIT√ÅVEIS em Filmes ...",[],UCferfyAeOJAjS9GoI4td6gg,458237,77622,0,1234,{},[],{}
13/05/2024,-kpLBGZPk3k,VEJA  ATORES FAMOSOS QUE PERDERAM TUDO E FICARAM NA POBREZA!,S√âRIE E NOSTALGIA,2022-12-27T17:00:00Z,"VEJA 7 ATORES FAMOSOS QUE PERDERAM TUDO E FICARAM NA MIS√âRIA! Tags: atores Famosos, atores, Famosos, ...",[],UCZKl8Mh6fTDgL0L6auf8DTA,1102492,23572,0,437,{},[],{}
13/05/2024,WIXmVk4Lsqw,FAMOSOS QUE N√ÉO AGUENTARAM SEGURAR O JUBILEU E SE LASCARAM,N√£o Adivinho ,2023-04-01T21:00:11Z,Instagram: @omarcelomilos Twitter: @omarcelomilos Email para contato: contatonaoadivinho@gmail.com Edi√ß√£o: @flashinhoo ...,[],UCtjGoeeemrRzYxUAGSXQb7g,222635,22978,0,835,{},[],{}
13/05/2024,X_wIKCy2yjc,üõç‚óèFamosos que no soportan a Ariana Grande‚óèüõç#shorts,‚Ä¢ùêáùêÄùêèùêèùêò ùêïùêàùêÅùêÑùêí‚Ä¢,2022-02-15T18:30:10Z,,[],UCSVZY4Gn8HdOXbRinsMfMcA,3235753,323734,0,3104,{},[],{}
13/05/2024,KqHvu2ZtmRg,üî¥ As Celebridades que envelheceram horrivelmente!,Fala de Tudo,2017-02-04T20:15:22Z,Confira as celebridades que se deterioraram com o tempo. Como est√£o hoje atrizes e atores que antes eram s√≠mbolos de beleza ...,[],UC-GhFOHQWAP0nUxTMKtjCOQ,7927176,181285,0,8498,{},[],{}
13/05/2024,IapgipXoJh4,AS 7 MANS√ïES IMPRESSIONANTES DE FAMOSOS BRASILEIROS,V√≠cio Curioso,2020-10-13T23:36:04Z,Instagram: @VicioCurioso J√° pensou em ter uma casa com uma ilha particular? Apartamento de 3 andares? Sala enorme e sal√£o ...,[],UC3m5murBf6Gj9bPdhbTOuyw,904727,24279,0,410,{},[],{}
13/05/2024,rPE-FLMMkvg,A suposta seita dos famosos brasileiros,Ismael,2023-11-10T21:08:48Z,Canal Principal - https://www.youtube.com/@ismeiow Canal de Shorts - https://www.youtube.com/@ismeiow3 ‚òâApoia-se do ...,[],UCLDBEDXQDUcchFUCZgMDRYg,858111,63692,0,3115,{},[],{}
13/05/2024,ITFpYnHrtws,Juliana do The Noite fala sobre Racismo na TV #famosos #viral #celebridades #fama #fofoca #noticias,Take da Fama ,2024-05-01T11:30:11Z,Juliana do The Noite fala sobre Racismo na TV #famosos #viral #celebridades #fama #fofoca #noticias.,[],UCaEI2Z-05W6FjtKCU8iA5-A,341222,21436,0,705,{},[],{}
13/05/2024,A5oXAPs0fqY,üåäüõ∏Famosos que fueron asesin4d0s por sus fans üõ∏üåä,- Baby girl,2021-07-22T18:52:45Z,Hola :D #Shorts #Famosos cr√©ditos: ...,[],UCAWcA063KRC_J6cC3fzuLKQ,3405366,155630,0,2461,{},[],{}
13/05/2024,HQPpTSyZ6ig,7 Atores FAMOSOS que DESAPARECERAM (e onde eles est√£o),Canal PeeWee,2021-06-29T21:00:05Z,"Muitos atores famosos de Hollywood alcan√ßam o auge e somem das telonas. Seja por doen√ßa, problemas com a pol√≠cia ou ...",[],UCferfyAeOJAjS9GoI4td6gg,631381,93378,0,1749,{},[],{}
13/05/2024,LyQc7_IHT_8,FAMOSOS QUE SE PERDERAM NAS DROGAS,N√£o Adivinho ,2022-12-10T21:00:07Z,Instagram: @omarcelomilos Twitter: @omarcelomilos Email para contato: contatonaoadivinho@gmail.com Edi√ß√£o: ...,[],UCtjGoeeemrRzYxUAGSXQb7g,105904,8855,0,274,{},[],{}
13/05/2024,LeTJl2WYhQI,20 S√ìSIAS perfeitos de FAMOSOS que ir√£o confundir sua cabe√ßa,Not√≠cias e Not√≠cias,2022-10-10T15:00:12Z,20 S√ìSIAS perfeitos de FAMOSOS que ir√£o confundir sua cabe√ßa Cr√©ditos: https://www.awebic.com/ ...,[],UC1Op58WpaaOYT4Vn2u-4sWA,4934,111,0,7,{},[],{}
13/05/2024,eCzgtge6u-M,REA√á√ïES INESPERADAS DE FAMOSOS NA PLATEIA | Pipoca Perfeita,Pipoca Perfeita,2021-03-19T16:00:31Z,"Rihanna, Ariana Grande, Kevin Hart, Drake, Nicki Minaj, Lil Wayne, Kanye West, Taylor Swift, Beyonc√©, Miley Cyrus, Justin Bieber ...",[],UCNXThK-yHcldeKuO-cb_3GQ,1533388,83252,0,1084,{},[],{}
13/05/2024,XF-Lu7x7z48,Aut√≥psia de Famosos - Michael Jackson,RETRO,2018-08-01T04:15:26Z,,[],UC8f5CWV8QZiUUTua8Lq5qLQ,462237,9825,0,1328,{},[],{}
13/05/2024,ziQL-aM6U6M,üî¥ Do Luxo ao Lixo - Celebridades Milion√°rias que ficaram Pobres!,Fala de Tudo,2017-02-23T20:49:12Z,Celebridades milion√°rias que ficaram pobres! Curta a nova pagina do FB para saber qndo sai v√≠deos novos! Facebook ...,[],UC-GhFOHQWAP0nUxTMKtjCOQ,16534548,324794,0,9760,{},[],{}
13/05/2024,JmtXI2MiQng,FAMOSOS ANGOLANOS QUE S√ÉO DA MESMA FAM√çLIA,ANGO CURIOSO,2021-04-30T19:56:55Z,FAMOSOS ANGOLANOS QUE S√ÉO DA MESMA FAM√çLIA O mundo artistico √© uma caixa de mist√©rios. Venha saber quem s√£o os ...,[],UC7sSsq8JL4RlDv-KmRECqSQ,99543,3285,0,22,{},[],{}
13/05/2024,oMHxiTnwoyM,Famosos que morreram em acidentes de avi√£o.,Canal do Edu,2021-11-16T14:40:52Z,,[],UCQkxlkr3tXo0Bt0S_nNdwyA,2047142,120518,0,599,{},[],{}
13/05/2024,7UevaswBrLo,35 FAMOSOS BRASILEIROS QUE MORRERAM DE AIDS- HIV,Mem√≥ria de Novelas,2023-12-17T14:50:23Z,"Em mem√≥ria aos talentos que marcaram a cultura brasileira, este v√≠deo presta homenagem a figuras ic√¥nicas que enfrentaram a ...",[],UCAb4_U1d2Q6tFIiCpF7iSgA,1375847,50232,0,1745,{},[],{}
13/05/2024,MX-SVJeqUhA,OS FAMOSOS QUE N√ÉO SUPORTAM BTS,Anderson Vieira,2021-01-29T15:00:08Z,Alguns artistas s√£o quase t√£o isentos de grandes pol√™micas que √© at√© dificil imaginar que algu√©m possa ter alguma coisa contra ...,[],UCBoRGoGLDMsBeGx3yYjGo7Q,407805,47911,0,6442,{},[],{}
13/05/2024,qnJgGyFzFZ0,FAMOSOS QUE FIZERAM PACTO COM O &quot;DJANHO! #01,Caixa V√©ia,2022-07-12T21:20:00Z,ANUNCIE SUA MARCA OU EMPRESA AQUI NO CANAL! Contato profissional: caixaveia.contato@gmail.com . Me siga no ...,[],UC0ztjfshF80rmbqa-Bdu63g,115448,9306,0,408,{},[],{}
13/05/2024,E7d0IwEBam0,Famosos que N√ÉO acreditam em Deus,B√≠blia Inspiradora,2024-02-19T22:00:10Z,,[],UCIAT7CGrb2KyfZeaylXQN6A,2379813,148740,0,28580,{},[],{}
13/05/2024,obChNJT8y_M,FAMOSOS ANTES E DEPOIS DAS DORGAS! (parte 1) üòÇ,Diogo Matheus,2023-06-01T00:02:18Z,Meu TikTok: https://www.tiktok.com/@_diogomatheus?_t=8Yz3ZCGLDyn&_r=1 Meu Kwai: ...,[],UCx2qA_FZrO-WRJOPV0o1SHg,1667134,158363,0,1506,{},[],{}
13/05/2024,twG2JkNemCs,Famosos que est√£o muito doentes e voc√™ n√£o sabia üò≠ #celebridades #fofoca #famosos #noticias,U-CURIOSO,2023-12-29T23:04:41Z,,[],UC8S5Ut8G6_E-kUCYGAUzVRg,2034798,80724,0,1845,{},[],{}
13/05/2024,pFe95n5mzak,FAMOSOS QUE EXAGERARAM NA HARMONIZA√á√ÉO FACIAL #2,N√£o Adivinho ,2023-06-16T21:30:04Z,Instagram: @omarcelomilos Twitter: @omarcelomilos Email para contato: contatonaoadivinho@gmail.com Edi√ß√£o: ...,[],UCtjGoeeemrRzYxUAGSXQb7g,156065,10162,0,693,{},[],{}
13/05/2024,sbYFF1Aarm8,3 FAMOSOS QUE SE CONVERTERAM POUCO ANTES DE MORRER,Pastor Ant√¥nio J√∫nior,2022-05-31T19:00:30Z,Veja 3 famosos que se converteram e aceitaram Jesus antes de morrer. Assista at√© o fim e compartilhe. Participe da Jornada da ...,[],UCKEM87jzVqdIfAdTr0xNBfA,593979,70495,0,1547,{},[],{}
13/05/2024,SoJTZsbiSKI,¬°Qu√© habilidad! Juli√°n Trujillo y Martha actuaron en La casa de los famosos Colombia,La Casa De Los Famosos Colombia,2024-05-13T11:30:13Z,Descubre m√°s detalles de La casa de los famosos Colombia: https://bit.ly/3SU6Jgt Juli√°n Trujillo y Martha Bola√±os demostraron ...,[],UC_VJqDeda1ZuYGEcY151Fug,2207,48,0,13,{},[],{}
13/05/2024,8BVoMGSEOKE,O problema come√ßa quando brasileiro comenta em live de famosos,T3ddy,2023-04-06T22:35:19Z,"S√≥ pra n√£o esquecerem, meu c√≥d. √©: T3ddy Meu canal de games: https://youtube.com/t3ddygameslive Instagram: ...",[],UC5mZsx_OVnc4XmG9rWU2p3A,867394,88285,0,3312,{},[],{}
13/05/2024,ks_P3OsB9eU,As√≠ se vivi√≥ la segunda ronda del reto de salvaci√≥n de La casa de los famosos Colombia,La Casa De Los Famosos Colombia,2024-05-13T14:00:28Z,Descubre m√°s detalles de La casa de los famosos Colombia: https://bit.ly/3SU6Jgt Luego de conocer el nombre del primer ...,[],UC_VJqDeda1ZuYGEcY151Fug,1229,9,0,4,{},[],{}
13/05/2024,q7Op-xoMusI,JULGANDO TWEETS de FAMOSOS ft Luba,O Jean Luca,2019-09-24T21:00:10Z,Resolvemos ler os tweets mais vergonha alheia dos famosos. √â CADA COISA ESTRANHA! Canal do Luba: ...,[],UCgMuI-QIs-U8kNNjo4NCjRQ,3717135,295522,0,4488,{},[],{}
13/05/2024,sqZnAxzLzKg,ZANGADO CONTRA FAMOSOS ‚ù§Ô∏è‚Äçüî•,ZANGADO FF,2022-03-04T18:07:32Z,I love youu‚ù§Ô∏è Instagram: @zangado7x Follow me :p M√∫sica: #freefire‚Äã‚Äã‚Äã‚Äã‚Äã‚Äã‚Äã‚Äã‚Äã‚Äã‚Äã‚Äã‚Äã‚Äã‚Äã‚Äã‚Äã‚Äã ...,[],UCBa6Ew8GMDnGILcuX56gqUA,58330,3336,0,70,{},[],{}
13/05/2024,3S7JUVq-l1M,Pierden MILLONES de SEGUIDORES! Est√°n BLOQUEANDO a los FAMOSOS! El BLOCKOUT 2024!,Candres Peredo,2024-05-13T05:02:59Z,"Bloqueo masivo a los famosos en redes sociales! A ra√≠z de la Met Gala surgi√≥ el movimiento ""Digitine"" o ""Blockout 2024"", en el ...",[],UCjQglRblUgJa2jshLaQSIjA,92335,5469,0,804,{},[],{}
13/05/2024,Gdj_FVeSWoM,FAMOSOS COM TDAH | 8 CELEBRIDADES COM TDAH | Transtorno do Deficit de Aten√ß√£o com Hiperatividade,Renato Alves Memoriza√ß√£o,2022-11-16T15:00:09Z,FAMOSOS COM TDAH | 8 CELEBRIDADES COM TDAH | Transtorno do D√©ficit de Aten√ß√£o com Hiperatividade O Transtorno do ...,[],UC1v81hcuk1whmrra0Tri_ww,23201,0,0,70,{},[],{}
13/05/2024,PM4AOIj-73E,COMPAREI MINHA ALTURA COM A DOS FAMOSOS üò¨ #altura #baixinho #famosos #memesbr #comedia #viral,Gabriel Alves,2022-07-13T12:10:00Z,,[],UCBEevKnadYw4JDXNzI8mNcw,562623,23436,0,1908,{},[],{}
13/05/2024,e8oQDbioDJo,5 Esc√¢ndalos que DESTRU√çRAM a Carreira de Atores Famosos,Canal PeeWee,2022-05-24T21:00:27Z,"N√£o √© s√≥ no Casos de Fam√≠lia que a gente v√™ barraco, gritaria e coisas absurdas. Em Hollywood isso tamb√©m acontece com ...",[],UCferfyAeOJAjS9GoI4td6gg,522222,83308,0,1754,{},[],{}
13/05/2024,yfGa2kFLNs4,Monte sua fam√≠lia. Vers√£o famosos #familiafamosa #montesuafamilia #montesuavida #cantese,Carola4k üôÉ,2023-06-16T14:23:26Z,,[],UCrs3nx74Nhp6FNCL8fi7icQ,1503578,103239,0,798,{},[],{}
13/05/2024,U9NNf_YvlhY,Famosos Surpreendendo F√£s Como Ubers | Pipoca Perfeita,Pipoca Perfeita,2021-02-25T16:00:09Z,"Olha s√≥ essas celebridades que inventaram de dar uma de Uber: Demi Lovato, Will Smith, Alicia Keys e DJ Khaled.",[],UCNXThK-yHcldeKuO-cb_3GQ,35680,1819,0,40,{},[],{}
13/05/2024,4L9oUv4n2Gs,FAMOSOS QUE FALARAM MAL DO BRASIL E SE ARREPENDERAM,N√£o Adivinho ,2023-02-20T15:30:03Z,Instagram: @omarcelomilos Twitter: @omarcelomilos Email para contato: contatonaoadivinho@gmail.com Edi√ß√£o: ...,[],UCtjGoeeemrRzYxUAGSXQb7g,61828,7839,0,541,{},[],{}
13/05/2024,42j39nLMihE,J√öLIA MAZZOCCO E SUAS AMIGAS DAN√áANDO - | TIK TOK DOS FAMOSOS üéÖ‚ù§Ô∏è,TIK TOK DOS FAMOSOS,2023-12-02T01:03:09Z,,[],UC_YAY65gyZ3t0vUdgcnn64Q,7130854,246001,0,1714,{},[],{}
13/05/2024,pHySnWwF1nI,35 Famosos Antes e Depois da Pl√°stica,Famosos Antes e Depois,2019-03-19T22:44:35Z,Uma Lista com 35 famosas celebridades brasileiras e internacionais que fizeram pl√°sticas e conseguiram resultados incr√≠veis.,[],UCgoDWmrjRpWlMpy-WM4T4LQ,696706,8129,0,504,{},[],{}
13/05/2024,TIgvAbU_h70,"CASA da NIVEA STELMANN, CARLA PEREZ, RENATO ARAG√ÉO e outros famosos nos EUA",Ricardo Molina USA,2021-08-10T14:31:21Z,Voc√™ curte ver as casas das CELEBRIDADES BRASILEIRAS nos Estados Unidos? Ent√£o nesse v√≠deo eu vou matar a sua ...,[],UCOCXti8bC9uE6ws22yBIZLA,211584,10176,0,302,{},[],{}
13/05/2024,wmrylf_fVOs,ATEN√á√ÉO NA DAN√áA DOS FAMOSOS #SuperDan√ßaDosFamosos,SAMPAIERS,2021-07-25T23:12:38Z,ATEN√á√ÉO foi a m√∫sica com a tema funk de hoje (25) na Super Dan√ßa Dos Famosos : Marcello Melo Junior / Ana Paula ...,[],UCKmMw62iPJJpRv72Z_EDE6w,38549,368,0,20,{},[],{}
13/05/2024,79wrOoXp7NY,√öltimo finalista del reto de salvaci√≥n de La casa de los famosos Colombia,La Casa De Los Famosos Colombia,2024-05-13T16:30:02Z,"Descubre m√°s detalles de La casa de los famosos Colombia: https://bit.ly/3SU6Jgt Para el reto de salvaci√≥n, el Jefe de La casa ...",[],UC_VJqDeda1ZuYGEcY151Fug,1177,15,0,0,{},[],{}
13/05/2024,zU50XdQA_oc,Guarda-Roupa dos Famosos: Ana Hickmann invade closet de Flavia Pavanelli,Hoje em Dia,2023-04-20T16:02:40Z,"Ana Hickmann invade o closet da atriz, modelo e empres√°ria que virou uma das maiores influenciadoras digitais do Brasil. Fl√°via ...",[],UCN-opsqqDunWO6h5uCp9Y4g,310358,9097,0,0,{},[],{}
13/05/2024,wVujOzXFb88,Aut√≥psia de Famosos - Patrick Swayze - Discovery Channel Document√°rio,Hist√≥rias,2019-03-01T04:20:48Z,Aut√≥psia de Famosos - Patrick Swayze - Discovery Channel Document√°rio INSCREVA-SE: http://bit.ly/Hist√≥riasSensacionais ...,[],UCqqggVHL4XmGW-OknJeTpBQ,112361,2576,0,123,{},[],{}
13/05/2024,4xQZDOn-yto,PESSOAS QUE SE PARECEM COM FAMOSOS! #curiosidades #famosos #shorts,Edu Souzza,2022-06-06T22:16:40Z,,[],UCrpr8tedpEkCLssuKz-QfOQ,3744212,370256,0,2937,{},[],{}
13/05/2024,A4Hb4IzHSIg,5 C√≥pias BIZARRAS de Filmes FAMOSOS,Canal PeeWee,2022-10-04T21:00:12Z,"Nada se cria, tudo se copia. Mas existe refer√™ncia, c√≥pia e, l√° no fundo do po√ßo, a c√≥pia safada. E √© justamente esse √∫ltimo n√≠vel ...",[],UCferfyAeOJAjS9GoI4td6gg,400296,69892,0,922,{},[],{}
13/05/2024,wi0IB4doV5M,Famosos que quebraram as regras do MetGala 2023 #famosos #fofoca #brasil #metgala,Stella Zappi,2023-05-03T15:35:46Z,,[],UCwvsHfn8sHTb5aka1mvLDVA,1464613,178186,0,339,{},[],{}
13/05/2024,CG-zZUPzG3k,Sandy e mais 7 famosas sem maquiagem,V√≠deos Mais,2022-12-02T16:00:06Z,Artista tira a maquiagem das celebridades. #shorts ‚òÜ Seja membro deste canal e ganhe benef√≠cios: ...,[],UCcVvJ3eUbz4USEGcEI0VYSA,574295,26445,0,1166,{},[],{}
13/05/2024,g5PwVnyjhig,üíî √öltimas palabras de algunos famosos antes de morir üíîüòû,chayanne tu papi,2020-11-02T06:52:46Z,,[],UCj9ZpmNlH20kXGLdjw6bp7w,13296906,932913,0,29800,{},[],{}
13/05/2024,HlBKaTKfZhQ,FAMOSOS ANTES E DEPOIS DAS PLAÃÅSTICAS (inclusive as que deram errado),Breno Moreru,2021-02-06T23:15:58Z,"e vamos desse v√≠deo que foi prometido no ""expondo os podres de bella hadid"", j√° que s√≥ de mencionar o nome da billie eilish ...",[],UCoKceCBgCiA1bzRX9bXPqdw,431952,38384,0,2544,{},[],{}
13/05/2024,7ZGdsuDP2cE,famosos que las cirug√≠as les a ARRUINADO/ Ariana Grande #humor,DANI DAN,2022-08-01T00:36:18Z,,[],UCokvEaqdnuJOH7W0ekrTpEg,10399196,283144,0,8020,{},[],{}
13/05/2024,K0d8Eatb4DU,Aut√≥psia de Famosos - Elvis Presley,RETRO,2018-08-01T02:14:48Z,,[],UC8f5CWV8QZiUUTua8Lq5qLQ,580904,11405,0,1308,{},[],{}
13/05/2024,Jz-KwF1jkwc,FAMOSOS que foram ACUSADOS de COPIAR BLACKPINK,Garota do Kpop,2022-05-01T15:00:14Z,INSTAGRAM- https://www.instagram.com/agarotadokpop/ TIKTOK- https://www.tiktok.com/@agarotadokpop? TWITTER- ...,[],UCLg6KIZNNh7r8wfgLy1LPJg,111766,4119,0,147,{},[],{}
13/05/2024,zB3Fb4Ml9cA,30 FAMOSOS BRASILEIROS HOMENS QUE MORRERAM DE C√ÇNCER,Mem√≥ria de Novelas,2024-01-06T20:30:48Z,"Ol√°, pessoal! Bem-vindos de volta ao nosso canal. Hoje, dedicaremos um momento para homenagear e relembrar alguns dos ...",[],UCAb4_U1d2Q6tFIiCpF7iSgA,370935,13556,0,519,{},[],{}
13/05/2024,CxlkIG2ahwE,Aut√≥psia de Famosos - Bruce Lee - Discovery Channel (Document√°rio),Hist√≥rias,2018-11-13T12:24:59Z,Aut√≥psia de Famosos - Bruce Lee - Discovery Channel (Document√°rio) INSCREVA-SE: http://bit.ly/Hist√≥riasSensacionais ...,[],UCqqggVHL4XmGW-OknJeTpBQ,75396,2085,0,154,{},[],{}
13/05/2024,jaLHnmIC0P0,Seguran√ßa de Famosos REVELA Qual Mais OT√ÅRIO com que j√° trabalhou,Kauam Pagliarini,2022-07-17T21:55:42Z,"A entrevista de hoje do Caf√© com a Pol√≠cia √© com o Cop Tulio, Policial Civil no Rio de Janeiro desde os anos 90. Cop Tulio ...",[],UCFHImK_YANnBzECI3ot0LDw,491741,20198,0,1716,{},[],{}
13/05/2024,dHmFKegCeww,Famosos Desafiaram a DEUS e Veja oque Aconteceu ( NINGU√âM IMAGINOU VER ISSO NA TV ),Melhores Not√≠cias Gospel,2021-07-29T20:45:01Z,Famosos Desafiaram a DEUS e Veja oque Aconteceu ( NINGU√âM IMAGINOU VER ISSO NA TV ) ‚ñ∑ INSTAGRAM: ...,[],UC5k_3Wd4OumK12gTzX196aw,2204498,131543,0,3240,{},[],{}
13/05/2024,jO4pOvyTuhg,üëëFamosos que tienen t√∫ mismo signo zodiacal üëë,Only girls,2021-05-10T13:53:03Z,,[],UCk23IGi1b7724T9rLKOyCHA,5552470,404557,0,23326,{},[],{}
13/05/2024,jpuAE5EIEJ0,veja os t√∫mulos dos famosos mais conhecidos do mundo,√≥timos videos,2015-03-02T14:28:27Z,t√∫mulo dos famosos.,[],UCf_zjo62ojM8ahRx-scpq8A,1184349,13570,0,950,{},[],{}
13/05/2024,_6ENVAs0BRc,5 Famosos Africanos Que Previram As Suas Mortes - HIST√ìRIAS DE PREMUNI√á√ïES,Amelly Africana üåç,2023-06-22T09:37:08Z,,[],UC1mnk_ncJtniikJSrXqtkiA,415568,8813,0,140,{},[],{}
13/05/2024,WyIU86HIwXA,PREVIS√ïES FAMOSOS E BRASIL 13/05 #lenesensitiva #previs√£o #vidente #previs√µes,LENE SENSITIVA E VIDENTES,2024-05-13T17:20:00Z,Live de Previs√µes da Lene Sensitiva. . Se inscreva no Canal.,[],UC9jlDfSxqnfD3ye3aYGbaNg,22496,2195,0,419,{},[],{}
13/05/2024,l_8kLjlYtZI,6 VERS√çCULOS QUE MARCARAM A VIDA DE FAMOSOS (A Gra√ßa de Deus Pode Alcan√ßar Qualquer Pessoa),Pastor Ant√¥nio J√∫nior,2017-12-09T09:35:35Z,"Talvez voc√™ n√£o saiba, mas h√° muitos famosos que converteram e aceitaram Jesus no passado e nos dias de hoje, pois a gra√ßa ...",[],UCKEM87jzVqdIfAdTr0xNBfA,1384296,84869,0,1742,{},[],{}
13/05/2024,_RUbKYCwgSo,RECRIANDO V√çDEOS ANTIGOS DE PESSOAS FAMOSOS | Luluca,Crescendo com Luluca,2020-10-05T21:00:10Z,RECRIANDO V√çDEOS ANTIGOS DE PESSOAS FAMOSAS | Luluca Foram muitos lulikes no v√≠deo de Recriando fotos de famosos ...,[],UCnrGkE2AmBAv6Vxj6kjf1jg,7045008,284755,0,0,{},[],{}
13/05/2024,p54De0UFx_s,Famosos que morreram de forma tragica.,Canal do Edu,2021-11-12T15:49:50Z,,[],UCQkxlkr3tXo0Bt0S_nNdwyA,729217,35949,0,186,{},[],{}
13/05/2024,Fo_W8NNuHP8,Aut√≥psia de famosos - Jim Morrison,Natalee Ponikarovskiy,2020-02-25T05:09:59Z,"aut√≥psia de famosos, Jim Morrison, document√°rio completo.",[],UC9b13Q3j2qDE4b2_5eWXrQQ,244435,5695,0,606,{},[],{}
13/05/2024,YFY4yLv7R4w,Di√°cono √© arrebatado ao inferno | viu cantores famosos no fogo,Em busca de Cristo,2022-04-26T21:56:16Z,"Di√°cono √© arrebatado ao inferno | viu cantores famosos no fogo Irm√£os e irm√£s, Bem vindos a mais um v√≠deo no canal ...",[],UCapejEcoE23s05LuL2DjHyw,122521,5857,0,386,{},[],{}
13/05/2024,jNkg5H8zIEw,Famosos antes y despu√©s de las drogas.,Peri Hernandez,2022-11-04T22:00:29Z,,[],UCHrx927Sa4VRxfqmozUle8Q,8708121,612312,0,1599,{},[],{}
13/05/2024,gPYA98qJvnY,FAMOSOS FALAM SOBRE A LEI DA ATRA√á√ÉO CELEBRIDADES USAM A LEI DA ATRA√á√ÉO,VALDIR SOARES,2022-08-08T22:07:01Z,FAMOSOS FALAM SOBRE A LEI DA ATRA√á√ÉO CELEBRIDADES USAM A LEI DA ATRA√á√ÉO Sim. E eu tamb√©m sinto que as ...,[],UCREIjzmOylFbOX2BaBQhd-g,6152,465,0,22,{},[],{}
13/05/2024,2P2SslwYW7I,FAMOSOS que ODEIAM KENDALL JENNER,Breno Moreru,2020-06-23T20:40:55Z,"FAMOSOS que ODEIAM KENDALL JENNER √™ Kendinha, √© hoje que voc√™ comparece ao tribunal hein? Rihanna, Naomi ...",[],UCoKceCBgCiA1bzRX9bXPqdw,422304,40679,0,1945,{},[],{}
13/05/2024,OvtlisEpFxA,5 FAMOSOS QUE JAÃÅ MAQUIEI MAS NINGUEÃÅM SABE  -  #Lista02,Vanessa Rozan,2020-12-14T21:00:12Z,"Olha, j√° passei por poucas e boas nesse mundo da beleza, viu? Mas esses perrengues acabaram virando boas hist√≥rias como ...",[],UC1N7uZhq0JcSSgkt4EmjPSw,303153,43305,0,1584,{},[],{}
13/05/2024,LfxUoDKG948,Kiara Vit√≥ria e Davi Hiel no quadro famosos da Internet do programa da Eliana,Di√°rio Kiara Vit√≥ria ,2022-06-29T23:05:11Z,"Ol√° crian√ßada! Somos os irm√£os KDS, Kiara Vit√≥ria, Davi Hiel e Sara e estamos aqui pra trazer alegria, dicas e ensinamentos ...",[],UCCB8C5BROHNqacEkzScc2oA,34624,995,0,0,{},[],{}
13/05/2024,jdDLSTcDA28,Lucas veloso dan√ßa dos famosos completo,Aero Clipes,2017-08-27T20:42:15Z,Lucas veloso dan√ßa dos famosos.,[],UCEGLErcT6D8zlEzx14LswZg,127296,1170,0,75,{},[],{}
13/05/2024,QhOym7YcTQ0,Le Pregunt√© a Famosos si se Acuerdan de Mi (Usando fotos falsas),Elede X,2023-04-30T20:27:39Z,"A los 11 a√±os me cruce por primera vez a un famoso y le ped√≠ una foto, pero para mi sorpresa me dijo que no. Como era chico me ...",[],UCcssrUaE5DcBcB5FWT7_gtQ,426946,18242,0,411,{},[],{}
13/05/2024,7SMvrYX-qs8,FAMOSOS QUE TENTARAM CENSURAR E SE DERAM MAL - EFEITO STREISAND,N√£o Adivinho ,2023-03-15T21:30:00Z,Instagram: @omarcelomilos Twitter: @omarcelomilos Email para contato: contatonaoadivinho@gmail.com Edi√ß√£o: ...,[],UCtjGoeeemrRzYxUAGSXQb7g,221288,16116,0,486,{},[],{}
13/05/2024,asSHyGpwkWg,Document√°rio Completo - Aut√≥psia de Famosos - Amy Winehouse [ID],SUPER DOCUMENT√ÅRIOS,2021-05-17T17:48:08Z,"documentario #document√°rio #amywinehouse ‚úì Inscreva-se, v√≠deo novo todo dia! ‚úì Ative o sininho! ‚úì Deixa o likezinho!",[],UCS2u6QWPe6C5_SqlPBzdYRQ,109251,2523,0,0,{},[],{}
13/05/2024,WznySxq4ngY,MUMUZINHO NO SHOW DOS FAMOSOS (LOUIS ARMSTRONG),FALANDO Di M√∫sica,2018-06-25T01:56:53Z,"Mumuzinho, Show dos famosos CONTE√öDO DO PROGRAMA. DO FAUST√ÉO Venham para o mundo do TALENTO PURO aonde ...",[],UCuQpRw_tbn4XUn7COJk7sug,139256,2596,0,72,{},[],{}
13/05/2024,tIf5PlEHv3s,Famosos que Cometeram Suic√≠dio,T√¥ Sabendo!,2022-05-05T20:30:06Z,Veja alguns famosos que se suicidaram e o motivos que levaram a tirar as suas pr√≥prias vidas. Talvez voc√™ deva conversar ...,[],UC1zf08hj9fyhPWsFpVOQ9yQ,4420,93,0,28,{},[],{}
13/05/2024,G-cuCPfxrN4,Famosos que Morreram em 2021.,Canal do Edu,2021-11-23T20:00:10Z,,[],UCQkxlkr3tXo0Bt0S_nNdwyA,689958,33220,0,302,{},[],{}
13/05/2024,f-yd0FdQUN0,FAMOSOS QUE FIZERAM PACTO COM O &quot;DJANHO!&quot; #02,Caixa V√©ia,2022-10-21T19:33:08Z,ANUNCIE SUA MARCA OU EMPRESA AQUI NO CANAL! Contato profissional: caixaveia.contato@gmail.com . Me siga no ...,[],UC0ztjfshF80rmbqa-Bdu63g,60780,6742,0,264,{},[],{}
13/05/2024,W4NP3bDOLcA,famosos que acreditam em Deus #famosos 17:00,my_aesthetic,2023-03-25T20:00:55Z,,[],UC0ARxb5yAvWvpm7jAcXRcBw,69352,5167,0,285,{},[],{}
13/05/2024,CyYfRc_auw4,Daiane dos Santos e Daniel Norton Dan√ßa funk na Dan√ßa dos Famosos -  Ensaio das Maravilhas,VARIEDADE POP ,2023-05-08T00:34:58Z,dan√ßadosfamosos #caldeir√£odohuck.,[],UCMjm4qpHy8127FD63jYvvpw,85539,1308,0,31,{},[],{}
13/05/2024,OoTmP555_k4,reagindo a tretas de tiktokers famosos pra ver quem t√° certo,MoriMura,2021-09-29T21:00:08Z,reagindo a tretas de tiktokers famosos pra ver quem t√° certo........... iiiiiihhhhh influencers que foram desmascarados mentindo nas ...,[],UCdK_G8bo0X0kVwxiWoIUfwQ,867850,80594,0,966,{},[],{}
13/05/2024,-SZr20RKV_E,6 Atores FAMOSOS que Come√ßaram Fazendo NOVELAS,Canal PeeWee,2021-06-15T21:00:00Z,"Voc√™ pode at√© n√£o gostar de novelas, mas vamos combinar: muito ator bom saiu direto delas pros cinemas. √â exatamente isso ...",[],UCferfyAeOJAjS9GoI4td6gg,248532,44833,0,1009,{},[],{}
13/05/2024,J2Qjhsw-qAU,FAMOSOS QUE SE APAIXONARAM A PRIMEIRA VISTA ü•∞ #famosos #noticias #noticias #casamento,Altnews23 Altnews23,2024-05-01T22:00:44Z,,[],UCGH-iJV6UEmiWsu-pykWAhA,12671,257,0,0,{},[],{}
13/05/2024,64qlARO_mlM,CELEBRIDADES ADVENTISTAS. FAMOSOS ADVENTISTAS,Curiosidade Crist√£,2022-01-30T09:30:01Z,A Igreja Adventista do S√©timo Dia est√° presente em todo o mundo e no Brasil √© uma das mais importantes denomina√ß√µes ...,[],UCMWJ_DLBtZwpokiG29hc8Eg,16858,891,0,228,{},[],{}
13/05/2024,zz5ExQZgpWU,QUANTO CUSTA a MANS√ÉO do SILVIO SANTOS e outros famosos nos EUA,Ricardo Molina USA,2020-10-11T14:30:03Z,Pra falar com o Ricardo Molina: http://bit.ly/IGMolina Mans√£o vizinha da Gloria Pires: https://youtu.be/vMvDm9jUXhM Pra ver ...,[],UCOCXti8bC9uE6ws22yBIZLA,476765,17360,0,449,{},[],{}
13/05/2024,rzBcCezlUMI,üî•FAMOSOS SEM MAQUIAGEMüî•,FALA BAIXO,2022-08-18T14:52:23Z,,[],UCvRJBTdNmm5RWU2WN5v7cMg,11274,367,0,13,{},[],{}
13/05/2024,m9ydMI0xKdA,FAMOSOS QUE EXAGERARAM NA HARMONIZA√á√ÉO FACIAL,N√£o Adivinho ,2023-02-15T21:12:25Z,Instagram: @omarcelomilos Twitter: @omarcelomilos Email para contato: contatonaoadivinho@gmail.com Edi√ß√£o: ...,[],UCtjGoeeemrRzYxUAGSXQb7g,239593,14351,0,745,{},[],{}
13/05/2024,P5vS0JoUt4s,Famosos que s√£o MELHORES AMIGOS na VIDA REAL e voc√™ n√£o sabia! | Pipoca Perfeita,Pipoca Perfeita,2022-08-24T21:00:10Z,Mais de 5000 horas de conte√∫do pra voc√™ assistir no UOL Play. Confira aqui ‚ñª https://bit.ly/3QCde4p ---------------- Celebridades ...,[],UCNXThK-yHcldeKuO-cb_3GQ,1435,140,0,2,{},[],{}
13/05/2024,dtyOgGcb7pk,Famosos Reagindo a Tweets MUITO MALDOSOS | Pipoca Perfeita,Pipoca Perfeita,2021-03-13T16:00:24Z,"Veja todas essas grandes estrelas reagindo a Tweets Super Maldosos: Gal Gadot, Emma Watson, Kumail Nanjani, Jim Parsons, ...",[],UCNXThK-yHcldeKuO-cb_3GQ,34961,2985,0,112,{},[],{}
14/05/2024,Hu381Yc_-PA,üî¥ EN VIVO LA CASA DE LOS FAMOSOS 4 CAPITULO 97 | Martes 14/05/2024 | LCDLF | VIDEO REACCION,DE TODO PERU,2024-05-14T22:34:11Z,"Hola mi nombre es ALEXANDER, te doy la bienvenida a mi canal ""DE TODO PERU""! en este video reaccionaremos, ...",[],UCMjTNUG_JryWBAZ21LgNUcQ,96010,3534,0,0,{},[],{}
14/05/2024,1E2sP2yUGCs,Famosos parte de la comunidad LGBT+ üè≥Ô∏è‚Äçüåà  Parte1 - Baby girl,- Baby girl,2021-07-31T22:34:51Z,Hola espero tengas un gran d√≠a :D (El video es mio) ‚òòSuscr√≠bete a mi segundo canal: ...,[],UCAWcA063KRC_J6cC3fzuLKQ,380276,39868,0,1179,{},[],{}
14/05/2024,X_wIKCy2yjc,üõç‚óèFamosos que no soportan a Ariana Grande‚óèüõç#shorts,‚Ä¢ùêáùêÄùêèùêèùêò ùêïùêàùêÅùêÑùêí‚Ä¢,2022-02-15T18:30:10Z,,[],UCSVZY4Gn8HdOXbRinsMfMcA,3237293,323797,0,3108,{},[],{}
14/05/2024,ITFpYnHrtws,Juliana do The Noite fala sobre Racismo na TV #famosos #viral #celebridades #fama #fofoca #noticias,Take da Fama ,2024-05-01T11:30:11Z,Juliana do The Noite fala sobre Racismo na TV #famosos #viral #celebridades #fama #fofoca #noticias.,[],UCaEI2Z-05W6FjtKCU8iA5-A,345954,21857,0,711,{},[],{}
14/05/2024,Z4mucmpZGvM,TIREI FOTOS COM FAMOSOS #shorts,Crescendo com Luluca,2022-11-10T21:30:03Z,TIREI FOTOS COM FAMOSOS #shorts Reuni nesse v√≠deo fotos de alguns famosos que j√° tirei foto. Faltaram alguns ent√£o deixem ...,[],UCnrGkE2AmBAv6Vxj6kjf1jg,10807502,535894,0,24381,{},[],{}
14/05/2024,A5oXAPs0fqY,üåäüõ∏Famosos que fueron asesin4d0s por sus fans üõ∏üåä,- Baby girl,2021-07-22T18:52:45Z,Hola :D #Shorts #Famosos cr√©ditos: ...,[],UCAWcA063KRC_J6cC3fzuLKQ,3405444,155630,0,2461,{},[],{}
14/05/2024,sqZnAxzLzKg,ZANGADO CONTRA FAMOSOS ‚ù§Ô∏è‚Äçüî•,ZANGADO FF,2022-03-04T18:07:32Z,I love youu‚ù§Ô∏è Instagram: @zangado7x Follow me :p M√∫sica: #freefire‚Äã‚Äã‚Äã‚Äã‚Äã‚Äã‚Äã‚Äã‚Äã‚Äã‚Äã‚Äã‚Äã‚Äã‚Äã‚Äã‚Äã‚Äã ...,[],UCBa6Ew8GMDnGILcuX56gqUA,58396,3339,0,70,{},[],{}
14/05/2024,oMHxiTnwoyM,Famosos que morreram em acidentes de avi√£o.,Canal do Edu,2021-11-16T14:40:52Z,,[],UCQkxlkr3tXo0Bt0S_nNdwyA,2047937,120554,0,599,{},[],{}
14/05/2024,obChNJT8y_M,FAMOSOS ANTES E DEPOIS DAS DORGAS! (parte 1) üòÇ,Diogo Matheus,2023-06-01T00:02:18Z,Meu TikTok: https://www.tiktok.com/@_diogomatheus?_t=8Yz3ZCGLDyn&_r=1 Meu Kwai: ...,[],UCx2qA_FZrO-WRJOPV0o1SHg,1667263,158345,0,1506,{},[],{}
14/05/2024,E7d0IwEBam0,Famosos que N√ÉO acreditam em Deus,B√≠blia Inspiradora,2024-02-19T22:00:10Z,,[],UCIAT7CGrb2KyfZeaylXQN6A,2386139,148997,0,28684,{},[],{}
14/05/2024,eOOX49i7IOI,FAMOSOS ZOMBARAM DE DEUS E O PIOR ACONTECEU COM ELES ( LAMENT√ÅVEL ) COM DEUS NINGU√âM BRINCA,Melhores Not√≠cias Gospel,2021-12-01T19:00:12Z,FAMOSOS ZOMBARAM DE DEUS E O PIOR ACONTECEU COM ELES ( LAMENT√ÅVEL ) COM DEUS NINGU√âM BRINCA ...,[],UC5k_3Wd4OumK12gTzX196aw,814443,41991,0,2100,{},[],{}
14/05/2024,hE-BYq0U51Y,100 MORTES DE FAMOSOS QUE TODOS N√ìS SENTIMOS MUITO NO BRASIL (2000-2024),QM Quem,2024-05-03T15:13:08Z,100 MORTES DE FAMOSOS QUE TODOS N√ìS SENTIMOS MUITO NO BRASIL (2000-2024) 00:00 Mortes que sentimos muito ...,[],UCgYcmTVhisCFbE9xP7HAm5g,101341,3368,0,134,{},[],{}
14/05/2024,PM4AOIj-73E,COMPAREI MINHA ALTURA COM A DOS FAMOSOS üò¨ #altura #baixinho #famosos #memesbr #comedia #viral,Gabriel Alves,2022-07-13T12:10:00Z,,[],UCBEevKnadYw4JDXNzI8mNcw,564193,23500,0,1909,{},[],{}
14/05/2024,CG-zZUPzG3k,Sandy e mais 7 famosas sem maquiagem,V√≠deos Mais,2022-12-02T16:00:06Z,Artista tira a maquiagem das celebridades. #shorts ‚òÜ Seja membro deste canal e ganhe benef√≠cios: ...,[],UCcVvJ3eUbz4USEGcEI0VYSA,574372,26448,0,1166,{},[],{}
14/05/2024,42j39nLMihE,J√öLIA MAZZOCCO E SUAS AMIGAS DAN√áANDO - | TIK TOK DOS FAMOSOS üéÖ‚ù§Ô∏è,TIK TOK DOS FAMOSOS,2023-12-02T01:03:09Z,,[],UC_YAY65gyZ3t0vUdgcnn64Q,7146975,246348,0,1716,{},[],{}
14/05/2024,9fdJCA-qfF4,SONHAR COM FAMOSOS E INFLUENCERS - √â UM BOM SINAL,Profeta Vinicius Iracet,2022-10-24T22:35:05Z,"ENVIE ESSA ORA√á√ÉO PARA SEUS CONTATOS! ""E, tudo o que pedirdes em ora√ß√£o, crendo, o recebereis."" (Mt. 21:22) Site: ...",[],UCe7neKTqv4ygXRiP2lqWWIg,125455,18944,0,574,{},[],{}
14/05/2024,e8oQDbioDJo,5 Esc√¢ndalos que DESTRU√çRAM a Carreira de Atores Famosos,Canal PeeWee,2022-05-24T21:00:27Z,"N√£o √© s√≥ no Casos de Fam√≠lia que a gente v√™ barraco, gritaria e coisas absurdas. Em Hollywood isso tamb√©m acontece com ...",[],UCferfyAeOJAjS9GoI4td6gg,522279,83319,0,1754,{},[],{}
14/05/2024,9MZzQTzgJm8,Famosos Que Previram a Pr√≥pria Morte,Canal do Edu,2021-12-05T14:31:46Z,Email para contato de parcerias: eduardocarlosfonsecasilva@outlook.com.,[],UCQkxlkr3tXo0Bt0S_nNdwyA,1268782,86239,0,294,{},[],{}
14/05/2024,jO4pOvyTuhg,üëëFamosos que tienen t√∫ mismo signo zodiacal üëë,Only girls,2021-05-10T13:53:03Z,,[],UCk23IGi1b7724T9rLKOyCHA,5553224,404574,0,23326,{},[],{}
14/05/2024,yfGa2kFLNs4,Monte sua fam√≠lia. Vers√£o famosos #familiafamosa #montesuafamilia #montesuavida #cantese,Carola4k üôÉ,2023-06-16T14:23:26Z,,[],UCrs3nx74Nhp6FNCL8fi7icQ,1505604,103317,0,802,{},[],{}
14/05/2024,NVhH9BcxtVA,FAMOSOS QUE FORAM AJUDAR NO R√çO GRANDE DO SUL PESSOALMENTE üòç #famosos #riograndedosul #ajudar #viral,I FAMOSOS ,2024-05-09T21:06:03Z,,[],UCtpOFuT_qYoZeUTCO89Xl-A,21408,1945,0,31,{},[],{}
14/05/2024,vEL__cooKKw,FAMOSOS QUE FIZERAM DOA√á√ÉO PARA O RIO GRANDE DO SUL üò± #famosos #doa√ß√µes #riograndedosul,I FAMOSOS ,2024-05-04T23:26:39Z,,[],UCtpOFuT_qYoZeUTCO89Xl-A,27278,1764,0,37,{},[],{}
14/05/2024,A4Hb4IzHSIg,5 C√≥pias BIZARRAS de Filmes FAMOSOS,Canal PeeWee,2022-10-04T21:00:12Z,"Nada se cria, tudo se copia. Mas existe refer√™ncia, c√≥pia e, l√° no fundo do po√ßo, a c√≥pia safada. E √© justamente esse √∫ltimo n√≠vel ...",[],UCferfyAeOJAjS9GoI4td6gg,400333,69893,0,922,{},[],{}
14/05/2024,OIzVcCxSN80,"5 FAMOSOS que ZOMBARARAM de DEUS, MAS n√£o sabiam das CONSEQU√äNCIAS",Pastor Ant√¥nio J√∫nior,2024-01-16T17:30:54Z,"Veja 5 artistas famosos que zombaram de Deus, sem saber das consequ√™ncias. Assista at√© o fim e compartilhe! Ganhe meus ...",[],UCKEM87jzVqdIfAdTr0xNBfA,684986,56119,0,2238,{},[],{}
14/05/2024,Jz-KwF1jkwc,FAMOSOS que foram ACUSADOS de COPIAR BLACKPINK,Garota do Kpop,2022-05-01T15:00:14Z,INSTAGRAM- https://www.instagram.com/agarotadokpop/ TIKTOK- https://www.tiktok.com/@agarotadokpop? TWITTER- ...,[],UCLg6KIZNNh7r8wfgLy1LPJg,111896,4122,0,147,{},[],{}
14/05/2024,7ZGdsuDP2cE,famosos que las cirug√≠as les a ARRUINADO/ Ariana Grande #humor,DANI DAN,2022-08-01T00:36:18Z,,[],UCokvEaqdnuJOH7W0ekrTpEg,10399382,283142,0,8020,{},[],{}
14/05/2024,HQPpTSyZ6ig,7 Atores FAMOSOS que DESAPARECERAM (e onde eles est√£o),Canal PeeWee,2021-06-29T21:00:05Z,"Muitos atores famosos de Hollywood alcan√ßam o auge e somem das telonas. Seja por doen√ßa, problemas com a pol√≠cia ou ...",[],UCferfyAeOJAjS9GoI4td6gg,631430,93383,0,1748,{},[],{}
14/05/2024,fAPI2YUhemg,"TOP 7 MANS√ÉO LUXUOSA DE FAMOSOS - Virginia Fonseca, Felipe Neto, Boca Rosa...",Sabe Tudo,2024-02-22T21:28:01Z,Descubra o fasc√≠nio por tr√°s das mans√µes de famosos mais deslumbrantes e invej√°veis dos famosos brasileiros! No novo v√≠deo ...,[],UC82_gteO24mgmXiMl4Hqh4w,33440,1019,0,28,{},[],{}
14/05/2024,POkEi5NdjB0,FAMOSOS QUE FORAM NA FESTA DA LULUCA,Cacau Haxkar,2024-04-07T17:00:11Z,,[],UC1XyiYP1CXDIWp0oKpbQ0Jg,4993884,214755,0,1216,{},[],{}
14/05/2024,tqXYhyUti4A,6 Erros INACREDIT√ÅVEIS em Filmes FAMOSOS,Canal PeeWee,2021-12-28T21:00:31Z,"Um carro na Terra M√©dia, uma carro√ßa tunada em 180 d.C. e muito mais: hoje veremos 6 Erros INACREDIT√ÅVEIS em Filmes ...",[],UCferfyAeOJAjS9GoI4td6gg,458299,77633,0,1234,{},[],{}
14/05/2024,wi0IB4doV5M,Famosos que quebraram as regras do MetGala 2023 #famosos #fofoca #brasil #metgala,Stella Zappi,2023-05-03T15:35:46Z,,[],UCwvsHfn8sHTb5aka1mvLDVA,1464645,178176,0,339,{},[],{}
14/05/2024,4xQZDOn-yto,PESSOAS QUE SE PARECEM COM FAMOSOS! #curiosidades #famosos #shorts,Edu Souzza,2022-06-06T22:16:40Z,,[],UCrpr8tedpEkCLssuKz-QfOQ,3744429,370242,0,2938,{},[],{}
14/05/2024,teMqw4jeZcs,5 C√≥pias DESCONHECIDAS de Filmes FAMOSOS,Canal PeeWee,2022-01-18T21:00:29Z,"Como diz o ditado: nada se cria, tudo se copia. Desde ""O Exorcista Turco"" at√© ""O √öltimo Tubar√£o"". Hoje veremos 5 C√≥pias ...",[],UCferfyAeOJAjS9GoI4td6gg,496837,78874,0,1135,{},[],{}
14/05/2024,79wBjn7l338,20 FAMOSOS BRASILEIROS QUE ARRUINARAM SUAS CARREIRAS COM UMA ENTREVISTA,QM Quem,2024-03-21T15:04:19Z,20 famosos brasileiros que arruinaram suas carreiras com uma entrevista. Atores e atrizes brasileiros e famosos que se deram ...,[],UCgYcmTVhisCFbE9xP7HAm5g,343276,19185,0,2646,{},[],{}
14/05/2024,jNkg5H8zIEw,Famosos antes y despu√©s de las drogas.,Peri Hernandez,2022-11-04T22:00:29Z,,[],UCHrx927Sa4VRxfqmozUle8Q,8708773,612287,0,1599,{},[],{}
14/05/2024,wmrylf_fVOs,ATEN√á√ÉO NA DAN√áA DOS FAMOSOS #SuperDan√ßaDosFamosos,SAMPAIERS,2021-07-25T23:12:38Z,ATEN√á√ÉO foi a m√∫sica com a tema funk de hoje (25) na Super Dan√ßa Dos Famosos : Marcello Melo Junior / Ana Paula ...,[],UCKmMw62iPJJpRv72Z_EDE6w,38687,370,0,20,{},[],{}
14/05/2024,sljcKDRWzXo,QUEM VOC√ä PREFERE ‚ùìÔ∏è                 (EDI√á√ÉO:FAMOSOS),Mundo Quiz,2023-05-28T03:34:09Z,"Mundo Quiz venha se divertir com a gente! Se inscreva √© fique por dentro de tudo,chame seus amigos para jogar e se divertir ...",[],UC7qbs91Q-LVWGiqtpsp9wpA,60081,1062,0,14,{},[],{}
14/05/2024,pFe95n5mzak,FAMOSOS QUE EXAGERARAM NA HARMONIZA√á√ÉO FACIAL #2,N√£o Adivinho ,2023-06-16T21:30:04Z,Instagram: @omarcelomilos Twitter: @omarcelomilos Email para contato: contatonaoadivinho@gmail.com Edi√ß√£o: ...,[],UCtjGoeeemrRzYxUAGSXQb7g,156088,10162,0,693,{},[],{}
14/05/2024,tXx8blM13rs,Una hermosa actividad de D√≠a de madres en La casa de los famosos Colombia,La Casa De Los Famosos Colombia,2024-05-14T14:00:43Z,Descubre m√°s detalles de La casa de los famosos Colombia: https://bit.ly/3SU6Jgt Diana √Ångel habl√≥ sobre su madre en La casa ...,[],UC_VJqDeda1ZuYGEcY151Fug,1560,17,0,1,{},[],{}
14/05/2024,jpuAE5EIEJ0,veja os t√∫mulos dos famosos mais conhecidos do mundo,√≥timos videos,2015-03-02T14:28:27Z,t√∫mulo dos famosos.,[],UCf_zjo62ojM8ahRx-scpq8A,1184400,13571,0,950,{},[],{}
14/05/2024,W4NP3bDOLcA,famosos que acreditam em Deus #famosos 17:00,my_aesthetic,2023-03-25T20:00:55Z,,[],UC0ARxb5yAvWvpm7jAcXRcBw,69360,5167,0,285,{},[],{}
14/05/2024,7SMvrYX-qs8,FAMOSOS QUE TENTARAM CENSURAR E SE DERAM MAL - EFEITO STREISAND,N√£o Adivinho ,2023-03-15T21:30:00Z,Instagram: @omarcelomilos Twitter: @omarcelomilos Email para contato: contatonaoadivinho@gmail.com Edi√ß√£o: ...,[],UCtjGoeeemrRzYxUAGSXQb7g,221316,16116,0,486,{},[],{}
14/05/2024,dHmFKegCeww,Famosos Desafiaram a DEUS e Veja oque Aconteceu ( NINGU√âM IMAGINOU VER ISSO NA TV ),Melhores Not√≠cias Gospel,2021-07-29T20:45:01Z,Famosos Desafiaram a DEUS e Veja oque Aconteceu ( NINGU√âM IMAGINOU VER ISSO NA TV ) ‚ñ∑ INSTAGRAM: ...,[],UC5k_3Wd4OumK12gTzX196aw,2204592,131546,0,3241,{},[],{}
14/05/2024,iY26wzu5PhI,Karen y Alfredo dan mensajes nost√°lgicos en el D√≠a de las madres en La casa de los famosos Colombia,La Casa De Los Famosos Colombia,2024-05-14T09:30:20Z,Descubre m√°s detalles de La casa de los famosos Colombia: https://bit.ly/3SU6Jgt Los dos influenciadores no pudieron contener ...,[],UC_VJqDeda1ZuYGEcY151Fug,1532,19,0,7,{},[],{}
14/05/2024,tuFvn9vPPkI,MEMES DO BRASIL FAMOSOS NA COREIA | Corean√≠ssima,Corean√≠ssima ÏóòÎ†àÎÇò,2024-05-10T21:00:35Z,"Oi, gente, tudo bem? Praias lindas! Um povo maravilhoso! Lugares paradis√≠acos... Que nada! O que todo coreano vai conhecer ...",[],UCbEsUu6RRXdIPMcVkyCnRYw,21474,3634,0,134,{},[],{}
14/05/2024,YFY4yLv7R4w,Di√°cono √© arrebatado ao inferno | viu cantores famosos no fogo,Em busca de Cristo,2022-04-26T21:56:16Z,"Di√°cono √© arrebatado ao inferno | viu cantores famosos no fogo Irm√£os e irm√£s, Bem vindos a mais um v√≠deo no canal ...",[],UCapejEcoE23s05LuL2DjHyw,122560,5860,0,386,{},[],{}
14/05/2024,WIXmVk4Lsqw,FAMOSOS QUE N√ÉO AGUENTARAM SEGURAR O JUBILEU E SE LASCARAM,N√£o Adivinho ,2023-04-01T21:00:11Z,Instagram: @omarcelomilos Twitter: @omarcelomilos Email para contato: contatonaoadivinho@gmail.com Edi√ß√£o: @flashinhoo ...,[],UCtjGoeeemrRzYxUAGSXQb7g,222692,22980,0,835,{},[],{}
14/05/2024,2P2SslwYW7I,FAMOSOS que ODEIAM KENDALL JENNER,Breno Moreru,2020-06-23T20:40:55Z,"FAMOSOS que ODEIAM KENDALL JENNER √™ Kendinha, √© hoje que voc√™ comparece ao tribunal hein? Rihanna, Naomi ...",[],UCoKceCBgCiA1bzRX9bXPqdw,422365,40682,0,1946,{},[],{}
14/05/2024,p54De0UFx_s,Famosos que morreram de forma tragica.,Canal do Edu,2021-11-12T15:49:50Z,,[],UCQkxlkr3tXo0Bt0S_nNdwyA,729228,35949,0,186,{},[],{}
14/05/2024,G-cuCPfxrN4,Famosos que Morreram em 2021.,Canal do Edu,2021-11-23T20:00:10Z,,[],UCQkxlkr3tXo0Bt0S_nNdwyA,690017,33228,0,301,{},[],{}
14/05/2024,K16nja5ohYA,‚ÄúUna por una‚Äù: Martha a Miguel Melfi en La casa de los famosos Colombia,La Casa De Los Famosos Colombia,2024-05-14T06:00:07Z,Descubre m√°s detalles de La casa de los famosos Colombia: https://bit.ly/3SU6Jgt Miguel Melfi se molesta por lo que le dijo ...,[],UC_VJqDeda1ZuYGEcY151Fug,4682,39,0,45,{},[],{}
14/05/2024,pHySnWwF1nI,35 Famosos Antes e Depois da Pl√°stica,Famosos Antes e Depois,2019-03-19T22:44:35Z,Uma Lista com 35 famosas celebridades brasileiras e internacionais que fizeram pl√°sticas e conseguiram resultados incr√≠veis.,[],UCgoDWmrjRpWlMpy-WM4T4LQ,696724,8127,0,504,{},[],{}
14/05/2024,7ZGdsuDP2cE,famosos que las cirug√≠as les a ARRUINADO/ Ariana Grande #humor,DANI DAN,2022-08-01T00:36:18Z,,[],UCokvEaqdnuJOH7W0ekrTpEg,10399382,283142,0,8020,{},[],{}
14/05/2024,JmtXI2MiQng,FAMOSOS ANGOLANOS QUE S√ÉO DA MESMA FAM√çLIA,ANGO CURIOSO,2021-04-30T19:56:55Z,FAMOSOS ANGOLANOS QUE S√ÉO DA MESMA FAM√çLIA O mundo artistico √© uma caixa de mist√©rios. Venha saber quem s√£o os ...,[],UC7sSsq8JL4RlDv-KmRECqSQ,99608,3285,0,22,{},[],{}
14/05/2024,Jz-KwF1jkwc,FAMOSOS que foram ACUSADOS de COPIAR BLACKPINK,Garota do Kpop,2022-05-01T15:00:14Z,INSTAGRAM- https://www.instagram.com/agarotadokpop/ TIKTOK- https://www.tiktok.com/@agarotadokpop? TWITTER- ...,[],UCLg6KIZNNh7r8wfgLy1LPJg,111896,4122,0,147,{},[],{}
14/05/2024,9MZzQTzgJm8,Famosos Que Previram a Pr√≥pria Morte,Canal do Edu,2021-12-05T14:31:46Z,Email para contato de parcerias: eduardocarlosfonsecasilva@outlook.com.,[],UCQkxlkr3tXo0Bt0S_nNdwyA,1268782,86239,0,294,{},[],{}
14/05/2024,NVhH9BcxtVA,FAMOSOS QUE FORAM AJUDAR NO R√çO GRANDE DO SUL PESSOALMENTE üòç #famosos #riograndedosul #ajudar #viral,I FAMOSOS ,2024-05-09T21:06:03Z,,[],UCtpOFuT_qYoZeUTCO89Xl-A,21408,1945,0,31,{},[],{}
14/05/2024,Gdj_FVeSWoM,FAMOSOS COM TDAH | 8 CELEBRIDADES COM TDAH | Transtorno do Deficit de Aten√ß√£o com Hiperatividade,Renato Alves Memoriza√ß√£o,2022-11-16T15:00:09Z,FAMOSOS COM TDAH | 8 CELEBRIDADES COM TDAH | Transtorno do D√©ficit de Aten√ß√£o com Hiperatividade O Transtorno do ...,[],UC1v81hcuk1whmrra0Tri_ww,23228,0,0,70,{},[],{}
14/05/2024,2klNOgIotAg,Juli√°n Trujillo discuti√≥ con Alfredo Redes por &quot;no tener palabra&quot; en La casa de los famosos Colombia,La Casa De Los Famosos Colombia,2024-05-14T20:30:00Z,Descubre m√°s detalles de La casa de los famosos Colombia: https://bit.ly/3SU6Jgt Juli√°n Trujillo se enoj√≥ con Alfredo Redes ...,[],UC_VJqDeda1ZuYGEcY151Fug,2048,22,0,24,{},[],{}
14/05/2024,4xQZDOn-yto,PESSOAS QUE SE PARECEM COM FAMOSOS! #curiosidades #famosos #shorts,Edu Souzza,2022-06-06T22:16:40Z,,[],UCrpr8tedpEkCLssuKz-QfOQ,3744429,370242,0,2938,{},[],{}
14/05/2024,vEL__cooKKw,FAMOSOS QUE FIZERAM DOA√á√ÉO PARA O RIO GRANDE DO SUL üò± #famosos #doa√ß√µes #riograndedosul,I FAMOSOS ,2024-05-04T23:26:39Z,,[],UCtpOFuT_qYoZeUTCO89Xl-A,27278,1764,0,37,{},[],{}
14/05/2024,jNkg5H8zIEw,Famosos antes y despu√©s de las drogas.,Peri Hernandez,2022-11-04T22:00:29Z,,[],UCHrx927Sa4VRxfqmozUle8Q,8708773,612287,0,1599,{},[],{}
14/05/2024,pFe95n5mzak,FAMOSOS QUE EXAGERARAM NA HARMONIZA√á√ÉO FACIAL #2,N√£o Adivinho ,2023-06-16T21:30:04Z,Instagram: @omarcelomilos Twitter: @omarcelomilos Email para contato: contatonaoadivinho@gmail.com Edi√ß√£o: ...,[],UCtjGoeeemrRzYxUAGSXQb7g,156088,10162,0,693,{},[],{}
14/05/2024,tXx8blM13rs,Una hermosa actividad de D√≠a de madres en La casa de los famosos Colombia,La Casa De Los Famosos Colombia,2024-05-14T14:00:43Z,Descubre m√°s detalles de La casa de los famosos Colombia: https://bit.ly/3SU6Jgt Diana √Ångel habl√≥ sobre su madre en La casa ...,[],UC_VJqDeda1ZuYGEcY151Fug,1560,17,0,1,{},[],{}
14/05/2024,3S7JUVq-l1M,Pierden MILLONES de SEGUIDORES! Est√°n BLOQUEANDO a los FAMOSOS! El BLOCKOUT 2024!,Candres Peredo,2024-05-13T05:02:59Z,"Bloqueo masivo a los famosos en redes sociales! A ra√≠z de la Met Gala surgi√≥ el movimiento ""Digitine"" o ""Blockout 2024"", en el ...",[],UCjQglRblUgJa2jshLaQSIjA,104082,5916,0,852,{},[],{}
14/05/2024,sljcKDRWzXo,QUEM VOC√ä PREFERE ‚ùìÔ∏è                 (EDI√á√ÉO:FAMOSOS),Mundo Quiz,2023-05-28T03:34:09Z,"Mundo Quiz venha se divertir com a gente! Se inscreva √© fique por dentro de tudo,chame seus amigos para jogar e se divertir ...",[],UC7qbs91Q-LVWGiqtpsp9wpA,60081,1062,0,14,{},[],{}
14/05/2024,MyEpqi9zaJs,"Los que no deber√≠an estar en el top diez de La casa de los famosos Colombia, seg√∫n los nominados",La Casa De Los Famosos Colombia,2024-05-14T16:30:05Z,Descubre m√°s detalles de La casa de los famosos Colombia: https://bit.ly/3SU6Jgt En el 'brunch' de La casa de los famosos ...,[],UC_VJqDeda1ZuYGEcY151Fug,2343,20,0,8,{},[],{}
14/05/2024,wi0IB4doV5M,Famosos que quebraram as regras do MetGala 2023 #famosos #fofoca #brasil #metgala,Stella Zappi,2023-05-03T15:35:46Z,,[],UCwvsHfn8sHTb5aka1mvLDVA,1464645,178176,0,339,{},[],{}
14/05/2024,7SMvrYX-qs8,FAMOSOS QUE TENTARAM CENSURAR E SE DERAM MAL - EFEITO STREISAND,N√£o Adivinho ,2023-03-15T21:30:00Z,Instagram: @omarcelomilos Twitter: @omarcelomilos Email para contato: contatonaoadivinho@gmail.com Edi√ß√£o: ...,[],UCtjGoeeemrRzYxUAGSXQb7g,221316,16116,0,486,{},[],{}
14/05/2024,fEoTdBJPORg,üî¥ Pl√°sticas Terr√≠veis! As Pl√°sticas dos famosos que deram errado! PARTE 1,Fala de Tudo,2017-03-09T21:56:35Z,Confira as mais desgra√ßadas pl√°sticas que os famosos fizeram Se inscreva! Acompanhem tamb√©m os v√≠deos novos no ...,[],UC-GhFOHQWAP0nUxTMKtjCOQ,8320858,217940,0,10385,{},[],{}
14/05/2024,qQLM35rtOQY,FAMOSOS E ATORES QUE MORRERAM NOS √öLTIMOS 12 MESES,QM Quem,2023-12-28T17:33:51Z,ATORES QUE MORRERAM NOS √öLTIMOS 12 MESES 00:00 Famosos que morreram nos √∫ltimos 12 meses Hoje n√≥s vamos ...,[],UCgYcmTVhisCFbE9xP7HAm5g,1024280,22878,0,891,{},[],{}
14/05/2024,zB3Fb4Ml9cA,30 FAMOSOS BRASILEIROS HOMENS QUE MORRERAM DE C√ÇNCER,Mem√≥ria de Novelas,2024-01-06T20:30:48Z,"Ol√°, pessoal! Bem-vindos de volta ao nosso canal. Hoje, dedicaremos um momento para homenagear e relembrar alguns dos ...",[],UCAb4_U1d2Q6tFIiCpF7iSgA,372118,13615,0,519,{},[],{}
14/05/2024,jaLHnmIC0P0,Seguran√ßa de Famosos REVELA Qual Mais OT√ÅRIO com que j√° trabalhou,Kauam Pagliarini,2022-07-17T21:55:42Z,"A entrevista de hoje do Caf√© com a Pol√≠cia √© com o Cop Tulio, Policial Civil no Rio de Janeiro desde os anos 90. Cop Tulio ...",[],UCFHImK_YANnBzECI3ot0LDw,491752,20199,0,1716,{},[],{}
14/05/2024,wVujOzXFb88,Aut√≥psia de Famosos - Patrick Swayze - Discovery Channel Document√°rio,Hist√≥rias,2019-03-01T04:20:48Z,Aut√≥psia de Famosos - Patrick Swayze - Discovery Channel Document√°rio INSCREVA-SE: http://bit.ly/Hist√≥riasSensacionais ...,[],UCqqggVHL4XmGW-OknJeTpBQ,112408,2577,0,123,{},[],{}
14/05/2024,wmrylf_fVOs,ATEN√á√ÉO NA DAN√áA DOS FAMOSOS #SuperDan√ßaDosFamosos,SAMPAIERS,2021-07-25T23:12:38Z,ATEN√á√ÉO foi a m√∫sica com a tema funk de hoje (25) na Super Dan√ßa Dos Famosos : Marcello Melo Junior / Ana Paula ...,[],UCKmMw62iPJJpRv72Z_EDE6w,38687,370,0,20,{},[],{}
14/05/2024,YFY4yLv7R4w,Di√°cono √© arrebatado ao inferno | viu cantores famosos no fogo,Em busca de Cristo,2022-04-26T21:56:16Z,"Di√°cono √© arrebatado ao inferno | viu cantores famosos no fogo Irm√£os e irm√£s, Bem vindos a mais um v√≠deo no canal ...",[],UCapejEcoE23s05LuL2DjHyw,122560,5860,0,386,{},[],{}
14/05/2024,iY26wzu5PhI,Karen y Alfredo dan mensajes nost√°lgicos en el D√≠a de las madres en La casa de los famosos Colombia,La Casa De Los Famosos Colombia,2024-05-14T09:30:20Z,Descubre m√°s detalles de La casa de los famosos Colombia: https://bit.ly/3SU6Jgt Los dos influenciadores no pudieron contener ...,[],UC_VJqDeda1ZuYGEcY151Fug,1532,19,0,7,{},[],{}
14/05/2024,K0d8Eatb4DU,Aut√≥psia de Famosos - Elvis Presley,RETRO,2018-08-01T02:14:48Z,,[],UC8f5CWV8QZiUUTua8Lq5qLQ,580931,11405,0,1308,{},[],{}
14/05/2024,zU50XdQA_oc,Guarda-Roupa dos Famosos: Ana Hickmann invade closet de Flavia Pavanelli,Hoje em Dia,2023-04-20T16:02:40Z,"Ana Hickmann invade o closet da atriz, modelo e empres√°ria que virou uma das maiores influenciadoras digitais do Brasil. Fl√°via ...",[],UCN-opsqqDunWO6h5uCp9Y4g,310407,9098,0,0,{},[],{}
14/05/2024,2P2SslwYW7I,FAMOSOS que ODEIAM KENDALL JENNER,Breno Moreru,2020-06-23T20:40:55Z,"FAMOSOS que ODEIAM KENDALL JENNER √™ Kendinha, √© hoje que voc√™ comparece ao tribunal hein? Rihanna, Naomi ...",[],UCoKceCBgCiA1bzRX9bXPqdw,422365,40682,0,1946,{},[],{}
14/05/2024,jpuAE5EIEJ0,veja os t√∫mulos dos famosos mais conhecidos do mundo,√≥timos videos,2015-03-02T14:28:27Z,t√∫mulo dos famosos.,[],UCf_zjo62ojM8ahRx-scpq8A,1184400,13571,0,950,{},[],{}
14/05/2024,tKQN0bPDi14,FAMOSOS QUE REJEITARAM OUTRAS CELEBRIDADES! #shorts,Cl√£ Dos Curiosos,2024-05-13T16:00:42Z,FAMOSOS QUE REJEITARAM OUTRAS CELEBRIDADES! #shorts.,[],UCUFrnWNs-1fAsMLka_THdpw,11173,528,0,1,{},[],{}
14/05/2024,mZ25QQ05_04,Emotiva actividad de d√≠a de madres en La casa de los famosos Colombia,La Casa De Los Famosos Colombia,2024-05-14T08:30:11Z,Descubre m√°s detalles de La casa de los famosos Colombia: https://bit.ly/3SU6Jgt Los participantes celebraron el d√≠a de las ...,[],UC_VJqDeda1ZuYGEcY151Fug,1396,12,0,6,{},[],{}
14/05/2024,QhOym7YcTQ0,Le Pregunt√© a Famosos si se Acuerdan de Mi (Usando fotos falsas),Elede X,2023-04-30T20:27:39Z,"A los 11 a√±os me cruce por primera vez a un famoso y le ped√≠ una foto, pero para mi sorpresa me dijo que no. Como era chico me ...",[],UCcssrUaE5DcBcB5FWT7_gtQ,427033,18244,0,411,{},[],{}
14/05/2024,OoTmP555_k4,reagindo a tretas de tiktokers famosos pra ver quem t√° certo,MoriMura,2021-09-29T21:00:08Z,reagindo a tretas de tiktokers famosos pra ver quem t√° certo........... iiiiiihhhhh influencers que foram desmascarados mentindo nas ...,[],UCdK_G8bo0X0kVwxiWoIUfwQ,867880,80597,0,966,{},[],{}
14/05/2024,978jtPnDhs0,CANTORES CRIST√ÉOS FAMOSOS QUE SE AFASTARAM DE DEUS E PAGARAM UM ALTO PRE√áO,Melhores Not√≠cias Gospel,2021-08-02T20:45:01Z,CANTORES CRIST√ÉOS FAMOSOS QUE SE AFASTARAM DE DEUS E PAGARAM UM ALTO PRE√áO ‚ñ∑ INSTAGRAM: ...,[],UC5k_3Wd4OumK12gTzX196aw,659298,38436,0,1820,{},[],{}
14/05/2024,CxlkIG2ahwE,Aut√≥psia de Famosos - Bruce Lee - Discovery Channel (Document√°rio),Hist√≥rias,2018-11-13T12:24:59Z,Aut√≥psia de Famosos - Bruce Lee - Discovery Channel (Document√°rio) INSCREVA-SE: http://bit.ly/Hist√≥riasSensacionais ...,[],UCqqggVHL4XmGW-OknJeTpBQ,75468,2088,0,154,{},[],{}
14/05/2024,l_8kLjlYtZI,6 VERS√çCULOS QUE MARCARAM A VIDA DE FAMOSOS (A Gra√ßa de Deus Pode Alcan√ßar Qualquer Pessoa),Pastor Ant√¥nio J√∫nior,2017-12-09T09:35:35Z,"Talvez voc√™ n√£o saiba, mas h√° muitos famosos que converteram e aceitaram Jesus no passado e nos dias de hoje, pois a gra√ßa ...",[],UCKEM87jzVqdIfAdTr0xNBfA,1384302,84869,0,1742,{},[],{}
14/05/2024,fZzTBy1ZAz4,COMPARANDO MINHA ALTURA COM A DOS FAMOSOS üòÖ #shorts #lupinhas #comedia #baixinho #altura #famosos,Gabriel Alves,2022-08-06T12:16:35Z,,[],UCBEevKnadYw4JDXNzI8mNcw,80575,3209,0,210,{},[],{}
14/05/2024,zz5ExQZgpWU,QUANTO CUSTA a MANS√ÉO do SILVIO SANTOS e outros famosos nos EUA,Ricardo Molina USA,2020-10-11T14:30:03Z,Pra falar com o Ricardo Molina: http://bit.ly/IGMolina Mans√£o vizinha da Gloria Pires: https://youtu.be/vMvDm9jUXhM Pra ver ...,[],UCOCXti8bC9uE6ws22yBIZLA,476798,17360,0,449,{},[],{}
14/05/2024,OvtlisEpFxA,5 FAMOSOS QUE JAÃÅ MAQUIEI MAS NINGUEÃÅM SABE  -  #Lista02,Vanessa Rozan,2020-12-14T21:00:12Z,"Olha, j√° passei por poucas e boas nesse mundo da beleza, viu? Mas esses perrengues acabaram virando boas hist√≥rias como ...",[],UC1N7uZhq0JcSSgkt4EmjPSw,303169,43307,0,1584,{},[],{}
14/05/2024,PNI6CuGJ2ts,WINDERMERE: CIDADE DOS FAMOSOS,Renato Alves Corretor e Designer,2023-05-18T21:30:02Z,Voc√™ j√° ouviu falar de Windermere? Windermere √© uma das cidades mais procuradas pelos brasileiros que se mudam para a ...,[],UC7zoj1HRdu1nyXdvoLtu32g,11050,876,0,12,{},[],{}
14/05/2024,WznySxq4ngY,MUMUZINHO NO SHOW DOS FAMOSOS (LOUIS ARMSTRONG),FALANDO Di M√∫sica,2018-06-25T01:56:53Z,"Mumuzinho, Show dos famosos CONTE√öDO DO PROGRAMA. DO FAUST√ÉO Venham para o mundo do TALENTO PURO aonde ...",[],UCuQpRw_tbn4XUn7COJk7sug,139309,2598,0,72,{},[],{}
14/05/2024,G-cuCPfxrN4,Famosos que Morreram em 2021.,Canal do Edu,2021-11-23T20:00:10Z,,[],UCQkxlkr3tXo0Bt0S_nNdwyA,690017,33228,0,301,{},[],{}
14/05/2024,p54De0UFx_s,Famosos que morreram de forma tragica.,Canal do Edu,2021-11-12T15:49:50Z,,[],UCQkxlkr3tXo0Bt0S_nNdwyA,729228,35949,0,186,{},[],{}
14/05/2024,rzBcCezlUMI,üî•FAMOSOS SEM MAQUIAGEMüî•,FALA BAIXO,2022-08-18T14:52:23Z,,[],UCvRJBTdNmm5RWU2WN5v7cMg,11277,367,0,13,{},[],{}
14/05/2024,jdDLSTcDA28,Lucas veloso dan√ßa dos famosos completo,Aero Clipes,2017-08-27T20:42:15Z,Lucas veloso dan√ßa dos famosos.,[],UCEGLErcT6D8zlEzx14LswZg,127316,1170,0,75,{},[],{}
14/05/2024,So9568SjNWc,Tierry beija professora na dan√ßa dos famosos 2022,familia vlog,2022-05-16T00:54:59Z,tierry #dan√ßadosfamosos #doming√£ocomhuck #lucianohulk.,[],UC8Rl15N-E2Jyvo_1dsJND0g,7109,48,0,2,{},[],{}
14/05/2024,-SZr20RKV_E,6 Atores FAMOSOS que Come√ßaram Fazendo NOVELAS,Canal PeeWee,2021-06-15T21:00:00Z,"Voc√™ pode at√© n√£o gostar de novelas, mas vamos combinar: muito ator bom saiu direto delas pros cinemas. √â exatamente isso ...",[],UCferfyAeOJAjS9GoI4td6gg,248544,44835,0,1009,{},[],{}
14/05/2024,A2t3m5w04IU,Famosos que odeiam o Brasil.,Canal do Edu,2021-11-26T21:04:05Z,,[],UCQkxlkr3tXo0Bt0S_nNdwyA,1341730,77230,0,2800,{},[],{}
