Video ID,Title,Channel Title,Published At,Language,View Count
0Bej8-hOfDU,"Louvores de Adora√ß√£o 2024 - As Melhores M√∫sicas Gospel Mais Tocadas - Top Gospel, Hinos Evang√©licos",TOP M√öSICAS GOSPEL,2024-05-10T07:32:30Z,N/A,50334
M8aGqRK_gdQ,"Musica para trabajar activo y alegre - M√∫sica Alegre para en Tiendas, Caf√©s| Deep House Mix 2024 #32",Legend Music - M√∫sica Electr√≥nica,2024-05-10T09:29:08Z,N/A,11091
f58W_FVXBLg,Ana Castela - Solteiro For√ßado (DVD Boiadeira Internacional),Ana Castela,2023-07-07T14:00:12Z,N/A,238610648
Oa_RSwwpPaA,Benson Boone - Beautiful Things (Official Music Video),Benson Boone,2024-01-18T23:00:13Z,N/A,142520687
Q8e6nEcTt_A,Musica 2024 Los Mas Nuevo - Pop Latino 2024 - Mix Canciones Reggaeton 2024!,Nogastic Music,2024-05-09T09:55:29Z,N/A,109027
-4qP7OGUwvk,M√öSICA RELAJANTE ANTI ESTRES PARA CALMAR LA MENTE - M√öSICA PARA REDUCIR LA ANSIEDAD,Musicoterapia ,2024-05-10T08:45:39Z,N/A,23916
R36Mu1NeeO4,O sol pediu a lua em casamento em coro üíú c os lindos @luhsetra @tinnreal #cantora #harmoniavocal,Ariah,2022-08-15T21:27:26Z,N/A,20554444
zMKsM3dARVA,"M√∫sica Relajante para Aliviar el Estr√©s üåø De Tener Ansiedad, Depresi√≥n ‚Ä¢ Sanando Mente, Cuerpo",Peaceful Sound,2023-06-14T08:04:33Z,N/A,3805318
XwIY-S81MEA,"Fivela da Lacoste - AgroPlay, Luan Pereira, MC PH e MC Ryan SP (Clipe Oficial)",AgroPlay,2024-05-10T15:00:07Z,N/A,48935
r9GrcxTGNWg,AgroPlay Ver√£o - Nosso Quadro @anacastelaoficial,AgroPlay,2023-02-03T14:00:07Z,N/A,353695936
ChrdAhXHrsU,"Fer Vazquez, Flor Alvarez - Te Amo ‚ô° (Video Oficial)",Fer Vazquez ,2024-05-01T00:00:06Z,N/A,3963785
vjGzas18iQU,Musica para trabajar activo y alegre mix - La Mejor Musica Deep House - Deep House Mix 2024 #127,Legend Music - M√∫sica Electr√≥nica,2024-05-10T03:14:55Z,N/A,52148
iZq0u3quAqo,Hungria - Amor e F√© (Official Music Video) #CheiroDoMato,Hungria,2020-08-21T17:59:44Z,N/A,551216616
uQU4oYeYWJQ,Soothing music heals the heart and calms the nervous systemüçÄ Music for the soul and relaxation,Melody Happy,2024-02-23T04:13:31Z,N/A,691079
cVBeYvkjEyA,Bella Poarch  | Dolls  | Filme M3GAN  ||  Trilha Sonora Filme Megan,Movies Plus,2023-01-21T13:00:32Z,N/A,854187
ApXoWvfEYVU,"Post Malone, Swae Lee - Sunflower (Spider-Man: Into the Spider-Verse)",PostMaloneVEVO,2018-10-18T16:00:03Z,N/A,2380714209
H9QJPSmXUHs,Top 10 m√∫sicas mais escutadas no Youtube,Felipe Somma,2023-02-12T21:05:29Z,N/A,1508966
L_YFoV5xV5E,"Dueto (Pipoco - Ana Castela, Melody e DJ Chris No Beat)",Gabi Veloso,2022-06-30T00:00:11Z,N/A,7880042
PPOTfX8fTC0,M√∫sicas que fizeram muito sucesso mas quase ningu√©m escuta hoje em dia,Felipe Somma,2023-05-24T21:03:55Z,N/A,2404257
U38iGQeoX8g,Melim - Um Mundo Ideal (De &quot;Aladdin&quot;/Official Video),DisneyMusicBRVEVO,2019-05-31T13:00:06Z,N/A,21198908
CS2LokX2oik,Amanda NATHANRY e Kathlyn -Dancinha #Shorts,Amanda Nathanry,2022-03-26T14:00:12Z,N/A,14957531
J8u0pv8remQ,VIAJANTES - NEOBAKA (M√∫sica Original),NEOBAKA,2023-04-23T21:00:06Z,N/A,979275
I6rgdTLgDhI,"Louvores de Adora√ß√£o - Melhores M√∫sicas Gospel Mais Tocadas - TOP M√öSICAS GOSPEL, Hinos Evang√©licos",TOP M√öSICAS GOSPEL,2024-05-10T16:58:30Z,N/A,42950
GwqXanhE5hw,"Musica para trabajar activo y alegre - M√∫sica Alegre para en Tiendas, Caf√©s| Deep House Mix 2024 #30",Legend Music - M√∫sica Electr√≥nica,2024-05-07T03:37:45Z,N/A,102118
-DmixSHLIn0,beabadoobee - Take A Bite (Official Music Video),beabadoobeeVEVO,2024-05-09T18:30:06Z,N/A,185153
8uDwJclATlU,Tente N√ÉO cantar,Felipe Somma,2023-03-29T21:02:24Z,N/A,4277849
3qS2i2uSOW8,"Segunda parte da m√∫sica do Pedro, Pedro",MC Nau,2024-04-28T23:02:40Z,N/A,585711
iSzBzhiZWQU,"M√öSICA ELETR√îNICA 2023 üî• ELETR√îNICAS 2023 MAIS TOCADAS üî• Alok, Vintage Culture &amp; David Guetta",Nova Records - M√∫sica Eletr√¥nica,2023-06-24T14:00:33Z,N/A,4171228
vCFtHEthBuQ,Ibiza Summer Mix 2024 üçì Best Of Tropical Deep House Music Chill Out Mix 2023 üçì Chillout Lounge,Magic Club,2024-05-10T05:05:03Z,N/A,45445
DhPNPbz8P9o,"Soft Jazz Music for Study,Work,Focus ‚òï Cozy Coffee Shop Ambience ~ Relaxing Jazz Instrumental Music",Cozy Coffee Shop,2024-05-09T22:46:36Z,N/A,63816
8F2s8ivKXNY,Oliver Tree - Life Goes On [Music Video],Oliver Tree,2021-05-28T16:00:12Z,N/A,348787064
m7Bc3pLyij0,Marshmello ft. Bastille - Happier (Official Music Video),Marshmello,2018-09-24T13:58:16Z,N/A,1192211400
YrQLmElRT-E,Tribo da Periferia - Imprevis√≠vel (Official Music Video),Tribo da Periferia,2018-04-05T18:18:26Z,N/A,600695128
rUW7ev79fTA,ANA CASTELA - DONA DE MIM (OFICIAL),Ana Castela,2022-12-23T14:00:09Z,N/A,121608896
ALZHF5UqnU4,Marshmello - Alone (Official Music Video),Marshmello,2016-07-02T18:02:11Z,N/A,2499622392
awHYqlXlX28,O SOM E SUC√âSSOS DOS ANOS 60s 70s E 80s #m√∫sica #popular #antigas #raridade,Recordando as M√∫sicas da MPB e Internacionais,2024-05-08T22:58:28Z,N/A,9680
NGw0tRS0eY8,M√∫sica para la ma√±ana‚òÄÔ∏èMusica para trabajar activo y alegre‚òÄÔ∏èM√∫sica para levantar el animo #09,Selected Sounds Spain,2024-05-09T09:49:22Z,N/A,11956
pRpeEdMmmQ0,Shakira - Waka Waka (This Time for Africa) (The Official 2010 FIFA World Cup‚Ñ¢ Song),shakiraVEVO,2010-06-04T22:30:35Z,N/A,3923800083
Enz1ZbzuM5Q,Mr. Bow - Hololololo (Official Music Video) ft. Makhadzi,MrBowVEVO,2023-06-14T08:00:07Z,N/A,10621633
4W30fmwaW0g,Carinha de Beb√™,Ana Castela - Topic,2023-02-15T00:03:10Z,N/A,14347882
nVjEBZHvmrk,"Musica para trabajar activo y alegre - M√∫sica Alegre para en Tiendas, Caf√©s | Deep House Mix 2024",Legend Music - M√∫sica Electr√≥nica,2023-12-25T16:30:22Z,N/A,1409139
gUpGTRR4Tt4,Melim - Meu Abrigo,MelimVEVO,2017-12-15T13:00:04Z,N/A,474767609
9nA3P39mgjU,ISSO √â ROX TEEN - PRIMEIRA M√öSICA OFICIAL,ROXTEEN,2021-01-17T21:00:01Z,N/A,14053450
8gQVXzpjt50,A m√∫sica com o grave mais forte do mundo üò±,Daniel Sound,2022-08-24T21:00:05Z,N/A,6183441
_zquH-0Vjc4,canta comigo??? üíô #anacastela #nossoquadro #cantora #dueto,‚ö°Ô∏èRAIO‚ö°Ô∏è,2023-03-17T21:44:19Z,N/A,6304681
Hjve_Uut9Wk,M√∫sica quando vc estuda e trabalha ü•∞ #cantora #compositora #humor,Ariah,2023-02-28T21:05:02Z,N/A,709138
fLexgOxsZu0,Bruno Mars - The Lazy Song (Official Music Video),Bruno Mars,2011-04-15T22:08:07Z,N/A,2750558191
Ki_7fBq5qq0,F√©rias do Meu Cora√ß√£o üèñÔ∏è - Gato Galactico | M√∫sica Nova do Gato Galactico,Gato Galactico,2024-04-12T21:00:09Z,N/A,347369
tK5_lyfS0gY,"Louvores de Adora√ß√£o 2024 - As Melhores M√∫sicas Gospel Mais Tocadas - Top Gospel, Hinos Evang√©licos",TOP M√öSICAS GOSPEL,2024-05-10T00:50:10Z,N/A,114065
Mukzhc_lpHc,"V√çDEO/M√öSICA DE FUNK PRA STATUS (+Letra) MC Kaio, N√£o sei porque voc√™ se foiü•∫üî•üé∂",insta: iii_italo_,2022-03-26T00:08:39Z,N/A,345170
_o-o_2n4SdI,Adela Bor»ô - Sofia,GurinelTV,2017-11-21T09:54:51Z,N/A,401233947
TfYHI-UuoAI,Fernando Daniel - prometo,FernandoDanielVEVO,2022-12-14T20:13:00Z,N/A,8163968
Mukzhc_lpHc,"V√çDEO/M√öSICA DE FUNK PRA STATUS (+Letra) MC Kaio, N√£o sei porque voc√™ se foiü•∫üî•üé∂",insta: iii_italo_,2022-03-26T00:08:39Z,N/A,345170
11e4sW-Q4Ns,L2K - Jerusalema  Chor√©graphie Officiel.,L2K,2020-07-31T00:29:32Z,N/A,372305674
qPvHXFombyU,M√∫sica de Natal - Bate o Sino Pequenino - Cole√ß√£o Miau,Cole√ß√£o Miau,2014-12-17T21:50:48Z,N/A,67172043
PLTECT3TR0s,Maravilhosa - Z√© Vaqueiro (Clipe Oficial),Z√© Vaqueiro,2024-03-29T14:00:08Z,N/A,12073140
20L5FjB0Pls,COMO EU FA√áO MINHAS M√öSICAS #shorts #wesleygonzaga #megaacura,WESLEY GONZAGA,2023-11-30T20:43:43Z,N/A,4637049
sOgYk0iXNls,Maiara e Maraisa - A Culpa √â Nossa - DVD Identidade,Maiara e Maraisa,2022-12-16T11:59:41Z,N/A,253018180
pWjmpSD-ph0,M√∫sica Relaxante - Acalmar a Mente e Relaxar,Cassio Toledo,2016-01-10T23:30:18Z,N/A,127314210
VYFH4KNvGH0,"Musica para trabajar activo y alegre - M√∫sica Alegre para en Tiendas, Caf√©s| Deep House Mix 2024 #31",Legend Music - M√∫sica Electr√≥nica,2024-05-09T03:26:27Z,N/A,50307
ZbZSe6N_BXs,Pharrell Williams - Happy (Video),PharrellWilliamsVEVO,2014-01-08T08:00:01Z,N/A,1288234805
jzDQ1pR5tME,Rosa Linn - Snap | tradu√ß√£o (sped up tiktok),LYRAE,2022-07-21T20:42:43Z,N/A,6447181
vowlsR3TpfI,MC Vit√£o feat. Dennis DJ - Olha o G√°s (KondZilla) | Official Music Video,Canal KondZilla,2017-02-13T18:00:05Z,N/A,170399807
8_oE-iQeFeE,Amor de Verdade - MC Kekel e MC Rita (KondZilla) | Official Music Video,Canal KondZilla,2018-03-31T18:00:00Z,N/A,759068616
lxcpH6kvnmg,Mar√≠lia Mendon√ßa &amp; Maiara e Maraisa - Cora√ß√£o Bandido (Official Music Video),Mar√≠lia Mendon√ßa,2020-07-14T14:00:12Z,N/A,540658449
1G4isv_Fylg,Coldplay - Paradise (Official Video),Coldplay,2011-10-19T02:42:54Z,N/A,1860859010
59Q_lhgGANc,Jain - Makeba (Official Video),JAINVEVO,2016-11-30T08:00:00Z,N/A,288780919
JGwWNGJdvx8,Ed Sheeran - Shape of You (Official Music Video),Ed Sheeran,2017-01-30T10:57:50Z,N/A,6256815453
eRzB9u-2Pcg,Alabanzas Para Expulsar Todo Mal De Tu VidaüòáM√∫sica cat√≥lica De La Ma√±ana Que Trae Paz Y Tranquilidad,Adoraci√≥n Cat√≥lica M√∫sica,2024-05-10T04:13:15Z,N/A,8529
OMWJbEnzlxU,Compondo c o filtro de emojis! Gostei bastante kkk c os lindos @lunadimusic @tinnreal ü•∞ #compositora #canto,Ariah,2022-08-11T14:08:31Z,N/A,34510056
2S24-y0Ij3Y,BLACKPINK - &#39;Kill This Love&#39; M/V,BLACKPINK,2019-04-04T14:58:45Z,N/A,1957304323
UrIiLvg58SY,Extreme - More Than Words (Official Music Video),ExtremeVEVO,2009-11-22T10:18:31Z,N/A,744076625
vcS7MXjupgk,Ana Castela ft. L√©o e Raphael - As Menina da Pecu√°ria (Clipe Oficial),Ana Castela,2021-12-18T14:00:11Z,N/A,98131892
kcYS_cUwr-8,Farruko - Pepas (Audio),FARRUKOVEVO,2021-06-24T04:00:26Z,N/A,414508564
sWhy1VcvvgY,Ana Vilela - Trem-Bala - (Clipe Oficial),Ana Vilela,2017-07-03T17:53:33Z,N/A,256505574
Wu-HUG7ORt8,Insanou - Renascer (Official Music Video),Insanou,2021-11-18T19:02:00Z,N/A,53910852
mRFVUuBlpHM,Fresno - Uma M√∫sica,FresnoVEVO,2009-06-26T19:20:19Z,N/A,5982679
bqao21cZ5nM,Samba Do Brasil - Ey Macalena,Traditional World Music,2008-01-10T16:44:09Z,N/A,124045381
QLz9VaksClg,"Tainy, J. Balvin - Agua (Music From &quot;Sponge On The Run&quot; Movie)",jbalvinVEVO,2020-07-15T21:00:11Z,N/A,982246318
QvYSckKSL5g,Tracy Chapman - Baby Can I Hold You (Live),ShoutFactoryVEVO,2020-04-11T01:02:01Z,N/A,157327279
jvipPYFebWc,Lindsey Stirling - Roundtable Rival (Official Music Video),Lindsey Stirling,2014-10-20T16:59:31Z,N/A,399851498
smsxXdXTsU8,Trem da Alegria - Yasmin Verissimo - M√∫sica Gospel Infantil 2,Yasmin Verissimo,2018-05-17T14:13:07Z,N/A,941658324
F_xhGwd_cOg,8 m√∫sicas que eu e voc√™ n√£o aguentamos mais escutar,Felipe Somma,2023-07-30T21:33:16Z,N/A,5832057
gQlMMD8auMs,BLACKPINK - ‚ÄòPink Venom‚Äô M/V,BLACKPINK,2022-08-19T04:00:13Z,N/A,844445724
6l9wPgJbsbc,Vida de Empreguete- Empreguetes (A√∫dio Oficial),M√∫sicas Players,2020-04-02T00:15:26Z,N/A,1487616
cNGjD0VG4R8,Ed Sheeran - Perfect,LatinHype,2022-09-03T13:21:17Z,N/A,48208160
XXYlFuWEuKI,The Weeknd - Save Your Tears (Official Music Video),TheWeekndVEVO,2021-01-05T17:00:12Z,N/A,1546729930
aGCdLKXNF3w,Tears For Fears - Everybody Wants To Rule The World (Official Music Video),TearsForFearsVEVO,2013-08-09T16:12:40Z,N/A,454307465
I8KkJ1EiLUY,"Canta Comigo - T√° Ok (Dueto - Trend TikTok Brasil) ‚Äúent√£o toma, toma, toma‚Äù #shorts",Bernardo Gomes,2023-06-08T20:13:00Z,N/A,6316363
PEM0Vs8jf1w,JVKE - golden hour (official music video),JVKE,2022-10-12T14:00:11Z,N/A,192880274
H5v3kku4y6Q,Harry Styles - As It Was (Official Video),HarryStylesVEVO,2022-03-31T23:00:10Z,N/A,724643991
7QU1nvuxaMA,Audioslave - Like a Stone (Official Video),AudioslaveVEVO,2009-10-25T07:20:03Z,N/A,1235968715
Dn014zuYJ8E,Now United - Wave Your Flag (Official Music Video),NOW UNITED,2021-07-14T15:00:11Z,N/A,44333657
whopJ1e1g9A,M√∫sica das Vogais - Galinha Pintadinha 5 - OFICIAL,Galinha Pintadinha,2022-06-16T11:00:12Z,N/A,299647757
UyFoeN53cWs,"Desacato, deixa queimar deixa queimar tutorial - Dancinha tik tok #shorts #tiktok",Arievilo Oliveira,2024-02-17T13:00:33Z,N/A,1512250
vuiAcTC8o88,Marcos &amp; Belutti - Domingo de manh√£ [CLIPE OFICIAL],Marcos e Belutti,2014-03-24T10:59:08Z,N/A,207838071
79HN5twRAsY,Ananda - Desculpa te Ligar (Official Music Video),Ananda,2023-03-31T15:00:08Z,N/A,1639323
dfw0BbAVmmc,Sarah Farias - üå± SoÃÅ Quem Tem Raiz (Clipe Oficial MK Music),MK MUSIC,2018-09-26T20:10:47Z,N/A,191362403
vaXCSYva2FM,Melim - Ouvi Dizer,MelimVEVO,2018-06-08T14:00:04Z,N/A,332892995
P4E831Xqs1c,Luan Pereira ft. @GustavoMioto - Moletom (Oficial),Luan Pereira LP,2023-06-30T14:00:10Z,N/A,109977167
P4E831Xqs1c,Luan Pereira ft. @GustavoMioto - Moletom (Oficial),Luan Pereira LP,2023-06-30T14:00:10Z,N/A,109977167
vaXCSYva2FM,Melim - Ouvi Dizer,MelimVEVO,2018-06-08T14:00:04Z,N/A,332892995
5GJWxDKyk3A,Billie Eilish - Happier Than Ever (Official Music Video),BillieEilishVEVO,2021-07-30T16:00:09Z,N/A,365858328
1Ngn3fZIK2E,Ti√™ &quot;A Noite&quot; - Clipe Oficial,tiemusica,2014-12-13T13:04:48Z,N/A,179425053
4TZIEUbsPoU,Essa m√∫sica s√≥ √© conhecida pelo refr√£o,Felipe Somma,2023-06-04T21:05:11Z,N/A,4928761
7wtfhZwyrcc,Imagine Dragons - Believer (Official Music Video),ImagineDragonsVEVO,2017-03-07T14:00:00Z,N/A,2635092683
OPf0YbXqDm0,Mark Ronson - Uptown Funk (Official Video) ft. Bruno Mars,MarkRonsonVEVO,2014-11-19T14:00:18Z,N/A,5220413719
09R8_2nJtjg,Maroon 5 - Sugar (Official Music Video),Maroon5VEVO,2015-01-14T15:00:11Z,N/A,4043377140
wR3jqHayULY,Joelma - Voando Pro Par√°,JoelmaVEVO,2017-04-14T14:00:05Z,N/A,52070869
IHNzOHi8sJs,BLACKPINK - ‚ÄòÎöúÎëêÎöúÎëê (DDU-DU DDU-DU)‚Äô M/V,BLACKPINK,2018-06-15T09:00:05Z,N/A,2195167264
EKkzbbLYPuI,Lindsey Stirling - Carol of the Bells (Official Music Video),Lindsey Stirling,2017-12-01T16:01:15Z,N/A,139635931
0phUiQK2Z60,Oh Querida M√£e (Dia da M√£e) | M√∫sica Infantil - Prof. Idal√©cio,Prof. Idal√©cio,2022-04-19T19:00:11Z,N/A,461651
bv-q8YBV52Y,Mam√£e - Yasmin Verissimo - M√∫sica dia das m√£es,Yasmin Verissimo,2017-04-08T02:16:40Z,N/A,57795566
PIb6AZdTr-A,Cyndi Lauper - Girls Just Want To Have Fun (Official Video),CyndiLauperVEVO,2009-10-25T07:04:12Z,N/A,1354797108
A2HvRcZlHvg,Tribo da Periferia - Nosso Plano (Official Music Video),Tribo da Periferia,2019-07-18T17:58:16Z,N/A,281077805
lu4DCdBTNOc,√î DUDA - CLIPE DE M√öSICA EM ANIMA√á√ÉO | GATO GALACTICO,Gato Galactico,2022-10-25T22:00:11Z,N/A,5330694
yKNxeF4KMsY,Coldplay - Yellow (Official Video),Coldplay,2011-05-30T13:12:47Z,N/A,1061342018
905czCk919k,AMONG US Song (Dance Music Video) /  Moondai Remix,Trap Box,2020-11-08T16:35:19Z,N/A,101547756
xnSy5FkWiGs,M√∫sica Dia Das M√£es - Pescadores Kids | FitDance Kids &amp; Teen (Coreografia),FitDance Kids & Teen,2023-05-18T14:00:29Z,N/A,651218
RSNmgE6L8AU,Keane - Everybody&#39;s Changing (Official Music Video),KeaneVEVO,2009-10-09T01:52:29Z,N/A,92120618
wZTIdnooV-s,Sub Urban - UH OH! (feat. BENEE) [Official Music Video],Sub Urban,2022-04-22T04:00:12Z,N/A,190513817
lLtbRG3Mtgk,Yasminzinha - Meu Paiz√£o - M√∫sica Gospel Infantil - Desenho - Dia dos Pais,Yasmin Verissimo,2022-07-02T18:01:22Z,N/A,3452812
f5_wn8mexmM,TWICE &quot;The Feels&quot; M/V,JYP Entertainment,2021-10-01T03:58:11Z,N/A,442601833
RgC_uW7eIwk,Marcynho sensa√ß√£o - Vida De vaqueiro - (Vaqueiro Do Sert√£o),Vaqueiro Do Sert√£o Music,2021-08-20T16:07:26Z,N/A,4353977
2mSGCr49ZIw,P√©ricles - Stand By Me (Ao Vivo) | M√∫sica Boa Ao Vivo | M√∫sica Multishow,M√∫sica Multishow,2022-10-26T00:50:00Z,N/A,8520025
ekzHIouo8Q4,Bruno Mars - When I Was Your Man (Official Music Video),Bruno Mars,2013-02-05T20:01:34Z,N/A,1393370947
IS41HLeW8-E,NEON BLADE (Super Slowed),MadmiX,2023-05-12T12:32:00Z,N/A,2891135
QtXby3twMmI,Coldplay - Adventure Of A Lifetime (Official Video),Coldplay,2015-11-29T08:00:45Z,N/A,1543070191
L3wKzyIN1yk,Rag&#39;n&#39;Bone Man - Human (Official Video),RagnBoneManVEVO,2016-07-21T11:00:00Z,N/A,1883579784
fTkNGBrOzUw,imposs√≠vel ficar pra baixo com essa m√∫sica | ToxicÈü≥Ê•Ω,ToxicÈü≥Ê•Ω,2020-09-14T17:01:21Z,N/A,8539166
rywUS-ohqeE,Alicia Keys - No One (Official Music Video),aliciakeysVEVO,2009-10-03T04:45:35Z,N/A,785691279
Dm77Z6YITYY,"SUE√ëO PROFUNDO M√∫sica para dormir R√°pido Y Profundamente, M√∫sica que te Ayudara Dormir R√°pidamente",Helios Piano,2024-05-09T01:36:50Z,N/A,12145
IuJTgMZbWzk,Noite de Halloween | Tucantar - M√∫sica Infantil,Tucantar,2020-10-26T13:00:10Z,N/A,6036388
MoN9ql6Yymw,David Kushner - Daylight (Official Music Video),DavidKushnerVEVO,2023-04-14T04:00:08Z,N/A,250475063
kI5mmq5QIz4,Z√© Felipe e Os Bar√µes Da Pisadinha - Senta Danada (Videoclipe Oficial),Z√© Felipe,2021-07-16T15:00:11Z,N/A,237567138
BwnX34UAyY8,Dueto (ARCADE - DUNCAN LAURENCE),Gabi Veloso,2021-09-17T21:00:04Z,N/A,2984430
YH18coS7c9E,Marshmello - Shockwave (Official Music Video),Marshmello,2021-06-11T03:55:10Z,N/A,32863151
Vi_2bCYSR7w,M√∫sica Reggae 2021 / O Melhor do Reggae Internacional / Reggae Remix 2021/Reggae do Maranh√£o,Reggae Brasil,2020-09-06T02:08:16Z,N/A,43688547
8b8MX2TpCaQ,Bita e os Animais - √Ålbum Completo,Mundo Bita,2021-04-30T13:00:16Z,N/A,154670480
PIh2xe4jnpk,MAGIC! - Rude (Official Video),ournameismagicVEVO,2013-12-06T05:01:00Z,N/A,2485262326
Ve9dbChhzik,This Year ( Blessing ) - Victor Thompson x Ehis D Greatest (Official Video),Victor Thompson Music,2023-01-20T12:20:24Z,N/A,80102494
HCjNJDNzw8Y,Camila Cabello - Havana (Audio) ft. Young Thug,CamilaCabelloVEVO,2017-08-03T16:00:02Z,N/A,1994867521
EN1SJT76JoY,Diana - LIKE IT - Kids Song (Official Video),‚úø Kids Diana Show,2019-01-18T08:02:34Z,N/A,2426579782
kiLzzwtL8t8,LAVE AS M√ÉOS üñêüñê Clipe de M√∫sica da Mileninha,MILENINHA M√öSICA,2021-02-10T14:00:27Z,N/A,58966664
YaEG2aWJnZ8,Sia - Unstoppable (Official Video - Live from the Nostalgic For The Present Tour),Sia,2021-09-27T20:55:30Z,N/A,378150703
mypQReJF62A,m√∫sica das bonecas monster high que marcou a sua inf√¢ncia,ZOE,2020-10-31T00:16:12Z,N/A,3232734
D-UJwg7_pVM,"MEU PENSAMENTO TE SEGUE , O RESTO TANTO FAZ - KAELZINHO FERRAZ (M√öSICA NOVA 2024)",Mano Yurizin,2024-03-14T00:21:23Z,N/A,288946
nyuo9-OjNNg,I Wanna Be Yours,Arctic Monkeys - Topic,2014-12-09T12:17:17Z,N/A,483628994
_Jb92oMPiFo,essa m√∫sica j√° se tornou trend da wandinha no tiktok,ZOE,2022-11-26T23:53:51Z,N/A,4784822
4NRXx6U8ABQ,The Weeknd - Blinding Lights (Official Video),TheWeekndVEVO,2020-01-21T18:00:10Z,N/A,821969231
D-UJwg7_pVM,"MEU PENSAMENTO TE SEGUE , O RESTO TANTO FAZ - KAELZINHO FERRAZ (M√öSICA NOVA 2024)",Mano Yurizin,2024-03-14T00:21:23Z,N/A,288946
nyuo9-OjNNg,I Wanna Be Yours,Arctic Monkeys - Topic,2014-12-09T12:17:17Z,N/A,483628994
_Jb92oMPiFo,essa m√∫sica j√° se tornou trend da wandinha no tiktok,ZOE,2022-11-26T23:53:51Z,N/A,4784822
v-VQfdH3e9E,MARI FERNANDEZ 2024 ( M√öSICA NOVAS ) CD NOVO - REPERT√ìRIO ATUALIZADO,M√∫sica TopTop,2024-05-09T12:00:49Z,N/A,5122
vGz53LdLeRg,LAS 100 MELODIAS ORQUESTADAS MAS BELLAS DE TODOS LOS TIEMPOS / M√öSICA QUE YA NO SE OYE EN LAS RADIOS,Romantic Melody,2023-04-24T14:00:37Z,N/A,5658646
_H88iNMfyjo,B√°rbara Bandeira - Como Tu (feat. Ivandro) [Official Music Video],B√°rbara Bandeira Official,2022-09-09T17:00:11Z,N/A,31091684
4NRXx6U8ABQ,The Weeknd - Blinding Lights (Official Video),TheWeekndVEVO,2020-01-21T18:00:10Z,N/A,821969231
lHokCrGsvzM,Mc Lorenzo dan√ßando sua nova m√∫sica üòéü•∞üíô #short #shorts #mclorenzo #naoficaemocionadinha,MC Lorenzo,2022-08-25T15:57:24Z,N/A,39896752
GbMJaz3nRoE,Elaine Martins - Santifica√ß√£o (Clipe Oficial MK Music),MK MUSIC,2014-08-26T13:18:06Z,N/A,132201989
MkElfR_NPBI,Little Mix - Black Magic (Official Video),littlemixVEVO,2015-05-29T07:00:00Z,N/A,1030687912
48s6RGU1dr0,Simone &amp; Simaria - Amiga,Simone e Simaria,2022-04-29T14:00:11Z,N/A,130272412
kTJczUoc26U,"The Kid LAROI, Justin Bieber - STAY (Official Video)",TheKidLAROIVEVO,2021-07-09T04:00:12Z,N/A,897311948
rYEDA3JcQqw,Adele - Rolling in the Deep (Official Music Video),AdeleVEVO,2010-11-30T23:29:12Z,N/A,2509527791
jVTgpDkNTHU,Don Omar - Danza Kuduro ft. Lucenzo | FAST &amp; FURIOUS [Chase Scene],GANGSTER CITY,2021-09-26T14:09:57Z,N/A,98097186
RnBT9uUYb1w,Martin Garrix &amp; Bebe Rexha - In The Name Of Love (Official Video),Martin Garrix,2016-08-23T14:00:13Z,N/A,818383764
93TXfW3MT4o,Maria Mar√ßal - Deixa (Clipe Oficial MK Music),MK MUSIC,2023-03-21T14:00:08Z,N/A,182522354
cBVGlBWQzuc,Maroon 5 - Girls Like You ft. Cardi B (Volume 2) (Official Music Video),Maroon5VEVO,2018-10-16T15:00:10Z,N/A,971148753
oOeK-7x4wLw,Vamos Arrumar - Yasmin Verissimo - M√∫sica Educativa Infantil,Brincando com Yasmin Verissimo,2022-04-10T11:05:34Z,N/A,88602034
kffacxfA7G4,Justin Bieber - Baby ft. Ludacris,JustinBieberVEVO,2010-02-19T08:16:34Z,N/A,3137167695
AqG0GF_LA0Q,KAROL G - WATATI (feat. Aldo Ranks) (From Barbie The Album) [Official Music Video],KAROL G,2023-06-15T16:00:13Z,N/A,113267486
qPlzFAxiob4,AS MELHORES MUSICAS  NA BALADA TOP HITS DANCE DE GRANDES SUCESSOS üì£üé∂üéôÔ∏èüìÄ,CarlosRobertoHits,2022-06-17T23:19:59Z,N/A,2385262
YqeW9_5kURI,Major Lazer &amp; DJ Snake - Lean On (feat. M√ò) (Official Music Video),Major Lazer Official,2015-03-23T04:00:45Z,N/A,3595923777
6DeDzsCGbsQ,U2 - With Or Without You (U2 At The BBC),BBC Music,2017-12-19T22:00:00Z,N/A,256425670
bnVUHWCynig,Beyonc√© - Halo,Beyonc√©VEVO,2009-10-03T20:59:40Z,N/A,1538912961
NrLkTZrPZA4,Elton John - Sacrifice,EltonJohnVEVO,2010-09-01T15:28:09Z,N/A,720228945
HyHNuVaZJ-k,Gorillaz - Feel Good Inc. (Official Video),Gorillaz,2016-06-28T12:53:12Z,N/A,836340227
U7xi8I25bm4,Musica para trabajar activo y alegre mix - La Mejor Musica Deep House - Deep House Mix 2024 #126,Legend Music - M√∫sica Electr√≥nica,2024-05-08T03:24:38Z,N/A,76117
Z4fTLEgjS-A,M√öSICA DO PUDIM AMASSADOüéµ| Desenho Animado Musica Infantil Em Portugu√™s,Pudim Amassado,2022-10-21T18:35:20Z,N/A,3893579
V1Pl8CzNzCw,"Billie Eilish, Khalid - lovely (Official Music Video)",BillieEilishVEVO,2018-04-26T16:00:02Z,N/A,2045729866
rcwlgIVqMvY,Mam√£e Especial - Yasmin Verissimo - M√∫sica dia das m√£es 2 letra (lyric),Yasmin Verissimo,2019-04-16T14:10:15Z,N/A,2965740
AByfaYcOm4A,Demi Lovato - Heart Attack (Official Video),DemiLovatoVEVO,2013-04-09T23:00:07Z,N/A,782865249
eqLLLb3OtOk,"Louvores de Adora√ß√£o - Melhores M√∫sicas Gospel Mais Tocadas - TOP M√öSICAS GOSPEL, Hinos Evang√©licos",TOP M√öSICAS GOSPEL,2024-05-07T17:01:40Z,N/A,96193
ic8j13piAhQ,Taylor Swift - Cruel Summer (Official Audio),TaylorSwiftVEVO,2019-08-23T04:00:06Z,N/A,184059059
g2uUYrClJPg,Homenzinho Torto - Yasmin Verissimo - M√∫sica Gospel Infantil,Yasmin Verissimo,2019-05-17T21:24:18Z,N/A,244499640
HInNfcbx48Q,"M√∫sica Disco de los 60&#39; &amp; 70&#39;  üíΩ VIDEOüé•ABBA, Bee Gees, Boney M, Venus, etc, #3 (by Susy)",MUSICA FUSION 51,2023-04-01T18:32:32Z,N/A,4983806
gset79KMmt0,Sia - Snowman [Official Video],Sia,2020-10-30T15:00:11Z,N/A,283393886
-QdZ2VtOkhc,ANAVIT√ìRIA - Fica ft. Matheus &amp; Kauan,AnavitoriaVEVO,2017-04-19T02:59:00Z,N/A,239921018
EO8qk-b5VpE,As Corujas üí§ E Mais Can√ß√µes de Ninar - M√∫sica Infantil ‚ô´ Um Her√≥i do Cora√ß√£o,Um Her√≥i do Cora√ß√£o,2022-03-17T14:00:11Z,N/A,23092372
ZJL4UGSbeFg,Shania Twain - Man! I Feel Like A Woman! (Official Music Video),ShaniaTwainVEVO,2009-10-09T02:21:30Z,N/A,415594613
5PyfOmajUu0,Cars 3 Alan Walker Music Video 4K (Spectre 21&#39; Mix),Erik GT,2020-10-10T07:40:23Z,N/A,187974284
bgf18kANm_k,"Simone &amp; Simaria, Z√© Felipe - Vontade de Morder",Simone e Simaria,2022-01-14T14:01:12Z,N/A,262344197
CevxZvSJLk8,Katy Perry - Roar,KatyPerryVEVO,2013-09-05T20:00:22Z,N/A,3999965084
7zp1TbLFPp8,Don Omar - Danza Kuduro ft. Lucenzo,DonOmarVEVO,2010-08-11T20:39:10Z,N/A,1488870397
v8r9F48CCiM,‚ù§Ô∏è Forr√≥ das Antigas (Rom√¢nticas) - As melhores M√∫sicas Mix,Top Music Entretenimento,2020-06-20T07:44:49Z,N/A,12742323
DQQRjFzB8gY,4*TOWN (From Disney and Pixar‚Äôs Turning Red) - Nobody Like U (From &quot;Turning Red&quot;),DisneyMusicVEVO,2022-03-18T04:00:12Z,N/A,297891494
9TYOtiHgQTA,Bruna Karla - N√£o Acabou (Ao Vivo) (Clipe Oficial MK Music),MK MUSIC,2022-12-13T13:00:07Z,N/A,30232478
EzKkl64rRbM,"Black Eyed Peas, J Balvin - RITMO (Bad Boys For Life) (Official Music Video)",BlackEyedPeasVEVO,2019-10-11T04:00:04Z,N/A,1077179232
X-yIEMduRXk,Adele - Easy On Me (Official Lyric Video),AdeleVEVO,2021-11-19T05:00:21Z,N/A,327146418
f4gzt6lRB_A,As Rodas Do Bus üöå | M√∫sica Infantil | Um Her√≥i do Cora√ß√£o,Um Her√≥i do Cora√ß√£o,2022-06-11T14:00:13Z,N/A,103279162
YRfDg4jLpCM,M√∫sicas Internacionais Antigas Anos 70 80 e 90 - AS MELHORES,M√∫sicas Internacionais Antigas - AS MELHORES ‚ô™,2021-08-03T21:00:11Z,N/A,6769893
CRsnZnzNFLQ,"Louvores de Adora√ß√£o 2024 - As Melhores M√∫sicas Gospel Mais Tocadas - Top Gospel, Hinos Evang√©licos",TOP M√öSICAS GOSPEL,2024-05-09T01:01:34Z,N/A,125885
W9P_qUnMaFg,Dynoro &amp; Gigi D‚ÄôAgostino - In My Mind,Chill Nation,2018-07-21T18:48:31Z,N/A,1161795259
MeX0yHMs9Nk,"fhop music, Marco Telles | COLOSSENSES E SUAS LINHAS DE AMOR (Ao Vivo)",Fhop Music,2022-09-20T13:00:11Z,N/A,26670606
5Wiio4KoGe8,Maroon 5 - What Lovers Do ft. SZA (Official Music Video),Maroon5VEVO,2017-09-28T14:21:25Z,N/A,710178566
NG-0UyMQetE,"M√öSICA NOVA COM MC Paiva, MC Kelvinho e Vulgo FK!",Gabb MC,2022-08-25T23:07:53Z,N/A,8557196
JVdfAT4af50,"M√∫sica SUMMER Alegre para Trabajar en Oficinas, Tiendas, Caf√©s | M√∫sica SUMMER En Ingl√©s 2023 #40",Legend Music - M√∫sica Electr√≥nica,2023-06-27T10:18:52Z,N/A,2684047
YVkUvmDQ3HY,Eminem - Without Me (Official Music Video),EminemVEVO,2009-06-16T23:00:29Z,N/A,1915360181
OmLNs6zQIHo,Birdy - People Help The People (Official Music Video),Birdy,2011-10-06T13:22:31Z,N/A,215537052
gdZLi9oWNZg,BTS (Î∞©ÌÉÑÏÜåÎÖÑÎã®) &#39;Dynamite&#39; Official MV,HYBE LABELS,2020-08-21T03:58:10Z,N/A,1828569510
lp-EO5I60KA,Ed Sheeran - Thinking Out Loud (Official Music Video),Ed Sheeran,2014-10-07T13:57:37Z,N/A,3766338815
cii6ruuycQA,Olivia Rodrigo - deja vu (Official Video),OliviaRodrigoVEVO,2021-04-01T16:00:27Z,N/A,425053358
EDwb9jOVRtU,Madonna - Hung Up (Official Video) [HD],Madonna,2009-10-27T01:58:43Z,N/A,474301715
Dtz5h3DGMYg,üèÅ Car Music Mix 2019 (Bass Boosted) üèÅ | Alan Walker Remix Special Cinematic (Fast And Furious),EDM ILY,2019-02-21T19:59:06Z,N/A,68125971
gygoQq51ReM,SELE√á√ÉO DE M√öSICAS INESQUEC√çVEIS #m√∫sica #popular #antigas #raridade,Recordando as M√∫sicas da MPB e Internacionais,2024-05-05T00:06:12Z,N/A,13637
bpOSxM0rNPM,Arctic Monkeys - Do I Wanna Know? (Official Video),Official Arctic Monkeys,2013-06-19T04:00:33Z,N/A,1647873725
dqLWA3XUDGo,M√∫sica - Brincadeira Morto-Vivo - Yasmin Verissimo - Educativa Infantil,Brincando com Yasmin Verissimo,2021-05-07T18:07:23Z,N/A,50342983
iojYDSjKK00,Adriana Calcanhotto - Fico Assim Sem Voc√™ (Video Clipe (Extras)),acalcanhottoVEVO,2011-03-17T21:31:19Z,N/A,35736280
h_D3VFfhvs4,Michael Jackson - Smooth Criminal (Official Video),michaeljacksonVEVO,2010-11-19T11:39:43Z,N/A,946087872
fd3PJfv7SaY,Grupo Menos √© Mais e Matheus Fernandes - Lapada Dela (Clipe Oficial),Grupo Menos √© Mais,2023-01-26T14:00:25Z,N/A,162017344
oC-GflRB0y4,David Guetta &amp; Showtek - Bad ft.Vassy (Lyrics Video),David Guetta,2014-04-10T13:00:38Z,N/A,1095902024
0egCxdaCpMw,"Musica para trabajar activo y alegre - M√∫sica Alegre para en Tiendas, Caf√©s| Deep House Mix 2024 #28",Legend Music - M√∫sica Electr√≥nica,2024-05-03T03:33:29Z,N/A,67512
TUj1YBE5PeY,PIMPOM - Clipe M√∫sica Oficial - Galinha Pintadinha 4,Galinha Pintadinha,2014-06-27T11:56:22Z,N/A,557168771
cs-xd45KJrc,Teu Amigo Jesus - Yasmin Verissimo - M√∫sica Gospel Infantil,Yasmin Verissimo,2016-11-12T21:10:35Z,N/A,156330710
81GaF34veWA,Samuel Messias - Todavia me Alegrarei (Clipe Oficial MK Music),MK MUSIC,2019-12-19T13:00:10Z,N/A,292316298
GzU8KqOY8YA,Sean Paul - No Lie ft. Dua Lipa,SeanPaulVEVO,2017-01-10T18:00:31Z,N/A,1267201311
QChwm0w9nxc,Everybody Wants To Rule The World,Tears for Fears - Topic,2018-10-30T03:31:36Z,N/A,82475811
AxFhwtwiw6o,Diddy [feat. Keyshia Cole] - Last Night (Official Music Video),Bad Boy Entertainment,2016-06-03T03:06:05Z,N/A,194179611
STzd35uYTUA,M√öSICA DE ANIVERS√ÅRIO | Bolofofos | Parab√©ns pra voc√™,Bolofofos,2015-09-16T17:40:42Z,N/A,399449120
ZiahkY4snMw,Music Mix 2023 üéß EDM Remixes of Popular Songs üéß Gaming Music | Bass Boosted,Magic Music,2023-05-13T07:02:33Z,N/A,7642982
5VQxl85iBHs,Zum Zum Zum Zum Zum - Yasmin Verissimo - M√∫sica Educativa Dengue,Brincando com Yasmin Verissimo,2018-12-14T17:26:50Z,N/A,739224889
ZDhkvSR7yHk,A MENINA DO CANAL - VERS√ÉO BELINHA COVER - (M√öSICA DA AMANDA NATHANRY),Canal da Belinha,2023-06-06T16:12:18Z,N/A,1841075
8UVNT4wvIGY,Gotye - Somebody That I Used To Know (feat. Kimbra) [Official Music Video],gotyemusic,2011-07-05T21:29:29Z,N/A,2258277334
WjqYTpE6Qdg,Adele - Set Fire to the Rain,just73,2016-08-22T22:46:07Z,N/A,414136220
bwGftC32wNw,Hungria - Temporal (Official Music Video),Hungria,2022-09-16T14:00:12Z,N/A,85325153
XsX3ATc3FbA,BTS (Î∞©ÌÉÑÏÜåÎÖÑÎã®) &#39;ÏûëÏùÄ Í≤ÉÎì§ÏùÑ ÏúÑÌïú Ïãú (Boy With Luv) (feat. Halsey)&#39; Official MV,HYBE LABELS,2019-04-12T09:00:02Z,N/A,1769346762
1ti2YCFgCoI,Bob Marley &amp; The Wailers - Could You Be Loved (Official Music Video),BobMarleyVEVO,2022-07-15T13:00:11Z,N/A,65610049
gNi_6U5Pm_o,Olivia Rodrigo - good 4 u (Official Video),OliviaRodrigoVEVO,2021-05-14T04:00:09Z,N/A,472768463
gCYcHz2k5x0,Martin Garrix - Animals (Official Video),STMPD RCRDS,2013-06-17T14:30:09Z,N/A,1718878971
K-a8s8OLBSE,Taylor Swift - cardigan,TaylorSwiftVEVO,2020-07-24T04:00:09Z,N/A,173441536
A57B7B6w3kw,Marshmello - Stars (Official Music Video),Marshmello,2018-09-19T13:58:16Z,N/A,606883699
BX0lKSa_PTk,Oliver Tree &amp; Robin Schulz - Miss You [Official Music Video],Oliver Tree,2022-10-27T15:00:08Z,N/A,273450032
fJ9rUzIMcZQ,Queen ‚Äì Bohemian Rhapsody (Official Video Remastered),Queen Official,2008-08-01T11:06:40Z,N/A,1773036707
gs-V3_9eqX8,Paulo Neto - Tua Presen√ßa (Clipe Oficial MK Music),MK MUSIC,2019-07-08T12:58:47Z,N/A,236370839
Rdi8xopFykw,TRINIX x Rushawn - It‚Äôs a beautiful day (Lyrics by Jermaine Edwards),TRINIX,2022-12-17T15:28:53Z,N/A,53117532
ZaI2IlHwmgQ,The Black Eyed Peas - Pump It (Official Music Video),BlackEyedPeasVEVO,2009-06-17T05:29:08Z,N/A,844778447
0aN3XOyhLd4,üê∞ Salta Coelhinho (M√∫sica P√°scoa) üê∞ | Tucantar - M√∫sica Infantil,Tucantar,2022-04-03T17:45:09Z,N/A,1123800
fKopy74weus,Imagine Dragons - Thunder,ImagineDragonsVEVO,2017-05-03T02:00:00Z,N/A,2121556919
uWRlisQu4fo,Giveon - Heartbreak Anniversary (Official Music Video),GiveonVEVO,2021-03-12T05:00:14Z,N/A,249902766
9xp5i1vEIWI,Yasmin Verissimo - Completo - 1 Hora de M√∫sica Infantil - 2019 - 2018 - 2017,Yasmin Verissimo,2019-12-17T13:35:30Z,N/A,42121496
cj7G11Y-JtE,"Relaxing Jazz Instrumental Music for Studying, Working‚òïCozy Coffee Shop Ambience &amp; Smooth Jazz Music",Cozy Coffee Shop,2024-05-08T22:45:07Z,N/A,80684
RgC_uW7eIwk,Marcynho sensa√ß√£o - Vida De vaqueiro - (Vaqueiro Do Sert√£o),Vaqueiro Do Sert√£o Music,2021-08-20T16:07:26Z,N/A,4353977
SC4xMk98Pdc,Post Malone - Congratulations ft. Quavo,PostMaloneVEVO,2017-01-23T18:00:30Z,N/A,1591578554
QgX9753Wx4M,"road trip music playlist üåª Sean Paul, Alan Walker, Ellie Goulding",music relax ,2022-09-10T01:00:15Z,N/A,833273
mypQReJF62A,m√∫sica das bonecas monster high que marcou a sua inf√¢ncia,ZOE,2020-10-31T00:16:12Z,N/A,3232734
ha5Xm1GkX60,New Songs Alan Walker (Remix) - Top Alan Walker Style 2020 - Animation Music Video [GMV],EDM For You,2020-12-12T10:00:12Z,N/A,74567245
9bZkp7q19f0,PSY - GANGNAM STYLE(Í∞ïÎÇ®Ïä§ÌÉÄÏùº) M/V,officialpsy,2012-07-15T07:46:32Z,N/A,5145427000
81GaF34veWA,Samuel Messias - Todavia me Alegrarei (Clipe Oficial MK Music),MK MUSIC,2019-12-19T13:00:10Z,N/A,292316298
STzd35uYTUA,M√öSICA DE ANIVERS√ÅRIO | Bolofofos | Parab√©ns pra voc√™,Bolofofos,2015-09-16T17:40:42Z,N/A,399449120
3YxaaGgTQYM,Evanescence - Bring Me To Life (Official HD Music Video),EvanescenceVEVO,2009-12-02T09:44:34Z,N/A,1361826714
Rdi8xopFykw,TRINIX x Rushawn - It‚Äôs a beautiful day (Lyrics by Jermaine Edwards),TRINIX,2022-12-17T15:28:53Z,N/A,53117532
GzU8KqOY8YA,Sean Paul - No Lie ft. Dua Lipa,SeanPaulVEVO,2017-01-10T18:00:31Z,N/A,1267201311
ore9m01cynI,M√∫sica das Cores + outras da Bella Lisa Show ‚ô´ Color Song | Nursery Rhymes &amp; Kids Songs,Bella e Lucca Show,2022-08-11T22:00:32Z,N/A,140430979
lZiaYpD9ZrI,Ella Baila Sola - (Video Oficial) - Eslabon Armado y Peso Pluma - DEL Records 2023,DEL Records,2023-04-08T00:00:08Z,N/A,560548738
0aN3XOyhLd4,üê∞ Salta Coelhinho (M√∫sica P√°scoa) üê∞ | Tucantar - M√∫sica Infantil,Tucantar,2022-04-03T17:45:09Z,N/A,1123800
fJ9rUzIMcZQ,Queen ‚Äì Bohemian Rhapsody (Official Video Remastered),Queen Official,2008-08-01T11:06:40Z,N/A,1773036707
bpOSxM0rNPM,Arctic Monkeys - Do I Wanna Know? (Official Video),Official Arctic Monkeys,2013-06-19T04:00:33Z,N/A,1647873725
Dtz5h3DGMYg,üèÅ Car Music Mix 2019 (Bass Boosted) üèÅ | Alan Walker Remix Special Cinematic (Fast And Furious),EDM ILY,2019-02-21T19:59:06Z,N/A,68125971
DQQRjFzB8gY,4*TOWN (From Disney and Pixar‚Äôs Turning Red) - Nobody Like U (From &quot;Turning Red&quot;),DisneyMusicVEVO,2022-03-18T04:00:12Z,N/A,297891494
5PyfOmajUu0,Cars 3 Alan Walker Music Video 4K (Spectre 21&#39; Mix),Erik GT,2020-10-10T07:40:23Z,N/A,187974284
BX0lKSa_PTk,Oliver Tree &amp; Robin Schulz - Miss You [Official Music Video],Oliver Tree,2022-10-27T15:00:08Z,N/A,273450032
_Jb92oMPiFo,essa m√∫sica j√° se tornou trend da wandinha no tiktok,ZOE,2022-11-26T23:53:51Z,N/A,4784822
znlFu_lemsU,Mary J. Blige - Family Affair (Official Music Video),MaryJBligeVEVO,2009-06-16T23:13:05Z,N/A,585223534
qN4ooNx77u0,Harry Styles - Sign of the Times (Official Video),HarryStylesVEVO,2017-05-08T12:00:04Z,N/A,1230842991
OiC1rgCPmUQ,Dua Lipa - Dance The Night (From Barbie The Album) [Official Music Video],Dua Lipa,2023-05-25T23:00:09Z,N/A,168852782
X-yIEMduRXk,Adele - Easy On Me (Official Lyric Video),AdeleVEVO,2021-11-19T05:00:21Z,N/A,327146418
Kz3GC1eG3Ss,COVER BR | &quot;Don&#39;t Come Crying&quot; [V.A] Minecraft FNAF SL Animated Music Video | CIANIMATION FANDUBS,Cianimation Fandubs,2021-06-23T17:00:13Z,N/A,8053986
gs-V3_9eqX8,Paulo Neto - Tua Presen√ßa (Clipe Oficial MK Music),MK MUSIC,2019-07-08T12:58:47Z,N/A,236371189
GbMJaz3nRoE,Elaine Martins - Santifica√ß√£o (Clipe Oficial MK Music),MK MUSIC,2014-08-26T13:18:06Z,N/A,132201989
cs-xd45KJrc,Teu Amigo Jesus - Yasmin Verissimo - M√∫sica Gospel Infantil,Yasmin Verissimo,2016-11-12T21:10:35Z,N/A,156330710
bgf18kANm_k,"Simone &amp; Simaria, Z√© Felipe - Vontade de Morder",Simone e Simaria,2022-01-14T14:01:12Z,N/A,262344197
lp-EO5I60KA,Ed Sheeran - Thinking Out Loud (Official Music Video),Ed Sheeran,2014-10-07T13:57:37Z,N/A,3766339988
cHHLHGNpCSA,Avicii - Waiting For Love,AviciiOfficialVEVO,2015-06-26T07:00:00Z,N/A,1169862068
pQsF3pzOc54,Chamber Of Reflection,Mac DeMarco - Topic,2014-11-30T12:46:30Z,N/A,195025022
T0pSgb0VBs0,Depois do Universo - Giulia Be - (M√∫sica tema do filme da NETFLIX),Alan Music,2023-06-14T14:02:40Z,N/A,219976
PIrLs0iEWAk,NOIS √â OS MOLEQUES DO PROBLEMA - NOIS √â O TRAMPO E NOIS N√ÉO TREME - TIK TOK - MC Lemos (DJ GH),BAILE DOS VIGARISTA,2022-03-03T15:00:22Z,N/A,4863442
JbVP_aZiFSY,Se Prepar√≥,Ozuna - Topic,2017-11-16T23:47:40Z,N/A,169152300
dqLWA3XUDGo,M√∫sica - Brincadeira Morto-Vivo - Yasmin Verissimo - Educativa Infantil,Brincando com Yasmin Verissimo,2021-05-07T18:07:23Z,N/A,50342983
A57B7B6w3kw,Marshmello - Stars (Official Music Video),Marshmello,2018-09-19T13:58:16Z,N/A,606883699
VRkrc0XcGO4,Escove o Dentinho - Yasmin Verissimo - M√∫sica Educativa Infantil,Brincando com Yasmin Verissimo,2019-02-15T23:25:59Z,N/A,217423174
n9ykiGpGgbU,3 Palavrinhas - Maratona + de 1 Hora de Muita M√∫sica e Divers√£o!  - OFICIAL,3Palavrinhas,2021-10-29T12:00:23Z,N/A,226145428
X-O4K72ktf4,MC BRUNINHO AS MELHORES ROM√ÇNTICAS | PARA TOMAR UMA NO PARED√ÉO | COM +14 M√öSICAS üíî@BregadeiraCds,Bregadeira Cds,2022-04-07T10:00:31Z,N/A,4984763
pXRviuL6vMY,twenty one pilots: Stressed Out [OFFICIAL VIDEO],Fueled By Ramen,2015-04-28T03:05:18Z,N/A,2866605539
cj7G11Y-JtE,"Relaxing Jazz Instrumental Music for Studying, Working‚òïCozy Coffee Shop Ambience &amp; Smooth Jazz Music",Cozy Coffee Shop,2024-05-08T22:45:07Z,N/A,80684
9TYOtiHgQTA,Bruna Karla - N√£o Acabou (Ao Vivo) (Clipe Oficial MK Music),MK MUSIC,2022-12-13T13:00:07Z,N/A,30232478
118PeGjiIYI,FARSANTE  -  Tarc√≠sio Do Acordeon,Espa√ßo Music,2022-04-23T12:13:59Z,N/A,10045168
Lo4_K4relMg,Rosa Linn - Snap - (Official Eurovision Music Video),Rosa Linn,2022-07-27T18:20:55Z,N/A,118437041
8WYHDfJDPDc,Nelly - Dilemma (Official Music Video) ft. Kelly Rowland,NellyVEVO,2009-10-05T21:48:04Z,N/A,1559832289
51A5vUrEgqg,"Sofia Carson, Dove Cameron, China Anne McClain - One Kiss (From &quot;Descendants 3&quot;)",DisneyMusicVEVO,2019-08-03T02:00:02Z,N/A,110061849
hLQl3WQQoQ0,Adele - Someone Like You (Official Music Video),AdeleVEVO,2011-09-29T23:56:00Z,N/A,2185861311
NG-0UyMQetE,"M√öSICA NOVA COM MC Paiva, MC Kelvinho e Vulgo FK!",Gabb MC,2022-08-25T23:07:53Z,N/A,8557196
wagn8Wrmzuc,Lady Gaga - Judas (Official Music Video),LadyGagaVEVO,2011-05-03T23:53:26Z,N/A,486038905
k2qgadSvNyU,Dua Lipa - New Rules (Official Music Video),Dua Lipa,2017-07-07T09:00:05Z,N/A,3041453889
SxNzGJlJFR4,ANOTA AI - MC LIPI,BG LOVE FUNK,2023-06-28T21:00:11Z,N/A,5870449
JVpTp8IHdEg,"Alok, Bruno Martini feat. Zeeba - Hear Me Now (Official Music Video)",Spinnin' Records,2016-10-21T19:00:02Z,N/A,552134063
Pw-0pbY9JeU,twenty one pilots - Ride (Official Video),twenty one pilots,2015-05-13T22:00:26Z,N/A,1491192732
K1uNjmxJQUo,The Pussycat Dolls - Stickwitu (Official Music Video) ft. Avant,ThePussycatDollsVEVO,2009-11-23T05:28:27Z,N/A,300083228
fHI8X4OXluQ,The Weeknd - Blinding Lights (Official Audio),TheWeekndVEVO,2019-11-29T05:00:08Z,N/A,801563988
Vbyy83OzQPg,O Tempo Bom! BALADA ANOS 90! MELHORES MUSICAS INTERNACIONAIS ANTIGAS ANOS 70 80 90 - Flash back,Music Detox,2023-04-03T14:00:15Z,N/A,1797296
PIrLs0iEWAk,NOIS √â OS MOLEQUES DO PROBLEMA - NOIS √â O TRAMPO E NOIS N√ÉO TREME - TIK TOK - MC Lemos (DJ GH),BAILE DOS VIGARISTA,2022-03-03T15:00:22Z,N/A,4863442
0KSOMA3QBU0,Katy Perry - Dark Horse ft. Juicy J,KatyPerryVEVO,2014-02-20T20:00:03Z,N/A,3721093721
mRD0-GxqHVo,Glass Animals - Heat Waves (Official Video),GlassAnimalsVEVO,2020-06-29T18:30:09Z,N/A,701112730
SC4xMk98Pdc,Post Malone - Congratulations ft. Quavo,PostMaloneVEVO,2017-01-23T18:00:30Z,N/A,1591578554
wDjeBNv6ip0,LP - Lost On You (Live),LP,2016-01-12T21:04:00Z,N/A,1370446483
fNB_yet34Qc,Bruna Karla- AS MELHORES (m√∫sicas mais tocadas) [[M√öSICA GOSPEL]],MMG - GOSPEL,2023-06-23T09:10:47Z,N/A,621868
iaGjz4dtr3o,Bakermat - Baian√° (Official Video),BakermatVEVO,2019-07-25T22:00:41Z,N/A,95305611
TLzWlqOwdtQ,Edu Mexe Isso PaÃÅ ( Hino Do TikTok ) Afro House,Gallo Music Record,2024-04-19T16:59:41Z,N/A,145282
zYgF6_z0NL0,Musica para trabajar activo y alegre mix - La Mejor Musica Deep House - Deep House Mix 2024 #125,Legend Music - M√∫sica Electr√≥nica,2024-05-06T03:27:18Z,N/A,42497
SAvVnVNSvDk,Ryan Castro - Mujeriego üíã (V√≠deo Oficial),Ryan Castro,2021-12-18T00:00:01Z,N/A,227358884
Bq5bAD3Z84o,Luiz Caldas - Haja amor (letra) | &quot;Eu queria ser uma abelha pra pousar na tua flor&quot;,Traduzindo M√∫sicas,2023-03-04T15:09:52Z,N/A,4749290
TcyrWaIxMAk,"M√öSICA M√ÅS ESCUCHADAS 2022 üî• Alok, Marshmello, Alan Walker üî• La Mejor M√∫sica Electr√≥nica 2019",Xenialmusic,2019-09-15T15:00:07Z,N/A,12427948
gBRi6aZJGj4,Billie Eilish - Bellyache (Official Music Video),BillieEilishVEVO,2017-03-22T14:00:04Z,N/A,668282171
UcqikEwsu-0,NOVA M√öSICA ELETR√îNICA üî• Melhores M√∫sicas Para Malhar na Academia üî• [As Mais Tocadas do Youtube] #17,Audio Play - M√∫sica Eletr√¥nica,2020-11-05T15:00:10Z,N/A,8514031
3YxaaGgTQYM,Evanescence - Bring Me To Life (Official HD Music Video),EvanescenceVEVO,2009-12-02T09:44:34Z,N/A,1361826714
9Xln5kxv0kU,Atual Do Meu Ex - Tayara Andreza (Official Music v√≠deo),Tayara Andreza,2022-02-25T21:00:13Z,N/A,35639637
8WYHDfJDPDc,Nelly - Dilemma (Official Music Video) ft. Kelly Rowland,NellyVEVO,2009-10-05T21:48:04Z,N/A,1559832289
egQN4Kvrl2g,"Ro√ßa em mim- Z√© Felipe, Ana Castela, Luan Pereira Cantor",Estouro Do Momento ,2022-11-18T14:18:20Z,N/A,3815393
CYGbA72m3so,Marshmello - Alone (Official Music Video),Trap Nation,2016-08-31T18:59:02Z,N/A,80726035
GGk2LpJNtP8,Agora Eu T√¥ Sozinha - Ester Moraes &amp; Raphaela Santos,TOP WORK OFICIAL,2022-08-21T13:00:11Z,N/A,19300270
r7qovpFAGrQ,Lil Nas X - Old Town Road (Official Video) ft. Billy Ray Cyrus,LilNasXVEVO,2019-07-19T04:00:06Z,N/A,1250407717
1jJoWrOqaQY,Maria Mariah voc√™ n√£o sai da minha cabe√ßa tutorial - Dancinha tik tok #shorts #tiktok,Arievilo Oliveira,2024-01-02T13:00:03Z,N/A,4928428
TiM_TFpT_DE,La Bachata - MTZ Manuel Turizo | Video Oficial,Manuel Turizo,2022-05-26T22:00:09Z,N/A,720647282
Lo4_K4relMg,Rosa Linn - Snap - (Official Eurovision Music Video),Rosa Linn,2022-07-27T18:20:55Z,N/A,118437041
dXIyMS61B68,"Beautiful Relaxing Peaceful Music, Calm Music 24/7, &quot;Tropical Shores&quot; By Tim Janis",Tim Janis,2021-12-27T21:17:06Z,N/A,111922972
Q5LHDpRF7wY,esta m√∫sica electr√≥nica es muy adictiva,K.I.R.A,2021-10-13T02:41:29Z,N/A,10645617
hLQl3WQQoQ0,Adele - Someone Like You (Official Music Video),AdeleVEVO,2011-09-29T23:56:00Z,N/A,2185861311
Xr2Gy3cev5E,M√∫sicas Internacionais Antigas Anos 70 80 e 90 - AS MELHORES #4,M√∫sicas Internacionais Antigas - AS MELHORES ‚ô™,2021-08-11T20:00:15Z,N/A,9821192
Xm-hdblSa9E,Bella Ciao (M√∫sica Original de la Serie la Casa de Papel/ Money Heist),Manu Pilas - Topic,2018-04-23T15:43:44Z,N/A,95288599
jJPMnTXl63E,Powfu - death bed (coffee for your head) (Official Video) ft. beabadoobee,PowfuVEVO,2020-04-01T17:00:30Z,N/A,679296898
iVbSWEfdch4,TE AMO PARA SEMPRE - M√∫sica dia das M√£es - Coral Infantil do Unaspinho #diadasm√£es #musicainfantil,Tia Mori,2023-03-10T19:54:04Z,N/A,1822769
Q6-tYpWp0Ck,Now United - Na Na Na (Official Music Video),NOW UNITED,2019-12-15T16:00:11Z,N/A,144402511
MQv__TADEGM,Maiara e Maraisa &amp; Mar√≠lia Mendon√ßa - Presepada,Maiara e Maraisa,2021-10-22T14:00:14Z,N/A,281005545
fPaX5kYZ06c,Assim Desse Jeito - Yasmin Verissimo - M√∫sica Gospel,Yasmin Verissimo,2020-02-28T11:16:57Z,N/A,106944252
sbXg6CWUXuo,S√≥ Quer Vrau - MC MM feat DJ RD (KondZilla) | Official Music Video,Canal KondZilla,2018-05-04T21:00:06Z,N/A,395665951
RNVLCr-Y7rQ,LUDMILLA - Cheguei (Clipe Oficial),LUDMILLA,2017-05-03T23:14:06Z,N/A,298267135
POe9SOEKotk,BLACKPINK - ‚ÄòShut Down‚Äô M/V,BLACKPINK,2022-09-16T04:00:12Z,N/A,619615175
5ynIotpB468,Melhor M√∫sica Para Testar JBL #1,JBL Bass Fan,2018-12-17T17:18:35Z,N/A,43625103
n9ykiGpGgbU,3 Palavrinhas - Maratona + de 1 Hora de Muita M√∫sica e Divers√£o!  - OFICIAL,3Palavrinhas,2021-10-29T12:00:23Z,N/A,226145428
BiU2wtWFD6w,escute essa m√∫sica quando a sua autoestima estiver baixa (part. 2),Hey Evaristo!,2020-06-13T15:57:27Z,N/A,13323381
6EEW-9NDM5k,Akon - Lonely (Official Music Video),AkonVEVO,2009-06-17T01:59:50Z,N/A,1073780282
jfKfPfyJRdk,lofi hip hop radio üìö - beats to relax/study to,Lofi Girl,2022-07-12T12:12:29Z,N/A,389823235
jfKfPfyJRdk,lofi hip hop radio üìö - beats to relax/study to,Lofi Girl,2022-07-12T12:12:29Z,N/A,389823235
OiC1rgCPmUQ,Dua Lipa - Dance The Night (From Barbie The Album) [Official Music Video],Dua Lipa,2023-05-25T23:00:09Z,N/A,168853387
jKIEUdAMtrQ,Faouzia &amp; John Legend - Minefields (Official Music Video),Faouzia,2021-01-28T17:00:10Z,N/A,222828219
q0hyYWKXF0Q,TONES AND I - DANCE MONKEY (OFFICIAL VIDEO),Tones And I,2019-06-24T22:01:36Z,N/A,2123544191
bXcSLI58-h8,Lil Nas X - Panini (Official Video),LilNasXVEVO,2019-09-05T14:00:10Z,N/A,481623619
K6t7yVQ33gU,PISADINHA DO VAQUEIRO AS MELHORES ROM√ÇNTICAS - ( SELE√á√ÉO TOPADA ) M√öSICAS NOVAS - SANCL√âR CDS,Sancl√©r CDs,2022-07-31T16:23:24Z,N/A,3212826
2dTjI_zgSzw,Tubar√£o Beb√™ + Cinco Patinhos e Mais M√∫sicas Infantis | O Reino Infantil,O Reino Infantil,2019-06-28T20:00:00Z,N/A,385672295
BpxrvcYDnf4,GLORIA GROOVE - A QUEDA (CLIPE OFICIAL),Gloria Groove,2021-10-15T14:00:04Z,N/A,196227806
6hckSkB-Xfo,Cantando escondida no banheiro do shopping kkkk #cantora #terror,Ariah,2022-06-07T02:55:15Z,N/A,28616622
lM3Lh5o2x5k,ACAMPAMENTO DE F√âRIAS 3 - A GENTE T√Å DE F√âRIAS (Primeira m√∫sica do filme),LUCCAS NETO - LUCCAS TOON,2020-12-23T22:00:10Z,N/A,7413824
APXo6EjZGvk,Meu Cavalinho - M√∫sica Infantil - Pingo De Gente (Desenho Infantil),Pingo De Gente - Pingo E Sua Turma,2023-05-20T13:00:14Z,N/A,19240252
cit_tJGeh-A,VIEJITAS PERO BUENAS ROM√ÅNTICAS - 1 Hora De M√∫sica Rom√°ntica Viejitas Pero Bonitas 70S 80S 90S,Musica Para Ti,2024-05-07T02:55:08Z,N/A,67094
_8tQnnRZMfk,MC BIEL √© muito arraso com a m√∫sica &quot;Elas Jogam&quot; | FUNKEIRINHOS | VOV√î RAUL GIL,Vov√¥ Raul Gil Oficial,2019-11-16T23:00:05Z,N/A,43058703
D2rG7pXd2LY,Gabriel Diniz - Jenifer,GabrielDinizVEVO,2018-09-21T15:00:02Z,N/A,365875091
9bZkp7q19f0,PSY - GANGNAM STYLE(Í∞ïÎÇ®Ïä§ÌÉÄÏùº) M/V,officialpsy,2012-07-15T07:46:32Z,N/A,5145427000
51A5vUrEgqg,"Sofia Carson, Dove Cameron, China Anne McClain - One Kiss (From &quot;Descendants 3&quot;)",DisneyMusicVEVO,2019-08-03T02:00:02Z,N/A,110061849
K4DyBUG242c,"Cartoon, J√©ja - On &amp; On (feat. Daniel Levi) | Electronic Pop | NCS - Copyright Free Music",NoCopyrightSounds,2015-07-09T16:34:35Z,N/A,512335286
7K667oLy4KQ,BEAT SNAP üíñ - M√∫sica Rom√¢ntica - TikTok (FUNK REMIX) by Sr. Nescau,Senhor Nescau 2.0,2022-12-27T21:00:03Z,N/A,1632986
UprcpdwuwCg,twenty one pilots: Heathens (from Suicide Squad: The Album) [OFFICIAL VIDEO],Fueled By Ramen,2016-06-21T22:25:16Z,N/A,2169194903
ff3r10rCKFs,Henrique e Juliano - LIBERDADE PROVIS√ìRIA - DVD Ao Vivo No Ibirapuera,Henrique e Juliano,2019-12-06T14:01:10Z,N/A,499223555
f_2X8wZ7nXU,CINCO PRINCESINHAS PULAVAM NO COLCH√ÉO üë∏üë∏üë∏üë∏üë∏ M√∫sica da Mileninha,MILENINHA M√öSICA,2021-10-12T15:00:19Z,N/A,32007716
NCjejj0cetI,"Musica para trabajar activo y alegre - M√∫sica Alegre para en Tiendas, Caf√©s| Deep House Mix 2024 #29",Legend Music - M√∫sica Electr√≥nica,2024-05-05T03:31:20Z,N/A,54913
8yV3ZtYSH5c,M√∫sica da Cuca - Folcloreando - Desenho Infantil,teatro musical infantil,2021-03-24T15:45:00Z,N/A,1139111
2Vv-BfVoq4g,Ed Sheeran - Perfect (Official Music Video),Ed Sheeran,2017-11-09T11:04:14Z,N/A,3731527298
znlFu_lemsU,Mary J. Blige - Family Affair (Official Music Video),MaryJBligeVEVO,2009-06-16T23:13:05Z,N/A,585223534
dIo08jlsWEQ,Baby Eu Tava na Rua da √Ågua Dj Edu tutorial - Dancinha tik tok #shorts #tiktok #dance,Arievilo Oliveira,2024-02-20T13:00:36Z,N/A,2887928
JIdggOaczis,Musicas tristes para chorar üíî Quer chorar ou√ßa essa musica e coloque fone de ouvido,Ïä¨Î°Ø ÏïÑÏö∞Îîî 456,2021-08-30T12:00:13Z,N/A,15859115
ZLLcxNiQ9Yg,6ix9ine - Bori feat. Lenier (Official Music Video),Tekashi 6ix9ine,2023-03-31T19:57:44Z,N/A,85956796
FwC_6YIJxl8,AS MAIS TOCADAS DE MAR√áO | HITS DO TIKTOK 2023 | MUSICAS DO TIKTOK 2023 | MUSICAS MAIS TOCADAS HOJE,Top musicas hoje,2023-02-28T15:11:16Z,N/A,2461032
Tr7mwAGTdK4,IZA - F√â (Videoclipe Oficial),IZA,2022-06-03T14:00:50Z,N/A,25012407
1rZky1yaW1I,Sunshine,Delacruz - Topic,2022-12-19T23:45:13Z,N/A,13397745
S4BseCTZs6c,UM44K - Nossa M√∫sica,UM44K,2018-05-04T14:00:01Z,N/A,106632745
iqCBan-9ZH4,DJ ASTRONAUTA EP √â MEDIO QUE TU QUER AGOSTO 2022 MUSICAS NOVAS MEDIO TOP @SubZeroCds,SubZero Cds,2022-08-07T14:00:17Z,N/A,2819338
cOpjbev9fSg,Mariah Carey - Obsessed [Tradu√ß√£o/Legendado],Nostalgia,2020-06-01T18:08:38Z,N/A,22395158
Ioempc6qWSk,"FESTA RAVE 2023 üî• M√öSICA ELETR√îNICA üî• Mais Tocadas üî• FESTIVAL - Alok, Alan Walker, Avicii &amp; Tiesto",Nova Records - M√∫sica Eletr√¥nica,2023-04-19T20:00:09Z,N/A,445570
uFuAHzHOGYQ,Mi Gente,J Balvin - Topic,2018-05-24T11:22:35Z,N/A,150962870
NChvNnEa664,BATID√ÉO M√öSICA ELETR√îNICA üîäüéõüï∫,TOXIX MUSIC,2021-08-20T16:11:11Z,N/A,1248773
wlGk61Eyzog,RITMADINHA DAN√áANTE,DJ GUDOG - Topic,2023-03-14T21:44:04Z,N/A,21401867
wYZux3BMc5k,IShowSpeed - Shake (Official Music Video),IShowSpeed,2021-11-24T02:31:12Z,N/A,205593709
yd8jh9QYfEs,Rihanna - Don&#39;t Stop The Music,RihannaVEVO,2009-11-21T12:54:44Z,N/A,706237016
G4ach2W8kwM,VIEJITAS PERO BUENAS ROM√ÅNTICAS DEL RECUERDO - M√öSICA ROM√ÅNTICA DE TODOS LOS TIEMPOS 70S 80S 90S,Musica Para Ti,2024-05-09T02:05:44Z,N/A,64540
UqyT8IEBkvY,Bruno Mars - 24K Magic (Official Music Video),Bruno Mars,2016-10-07T03:31:50Z,N/A,1661844870
VuCS8zC5ke4,Rain Rain Go Away - M√∫sica da Chuva + M√∫sicas Infantil por Bella Lisa Show,Bella e Lucca Show,2021-04-11T14:00:07Z,N/A,2159467
t_dqMzF2PII,ALICE MONTEIRO E BIELZINHO D√ÉO SHOW COM A M√öSICA CHAMA ELA NO PALCO DA TURMA DO VOV√î RAUL GIL,Vov√¥ Raul Gil Oficial,2023-05-13T22:30:04Z,N/A,867296
hv8Wx5UNTak,"CRACOLAÃÇNDIA - MC Hariel, MC Davi, Salvador, Ryan SP, Alok e Djay W (MUSICA OFICIAL) ILUS√ÉO",4M Original,2020-11-13T03:00:11Z,N/A,36317600
4ykJqnAilLE,Boiadeira,Ana Castela - Topic,2023-06-01T12:45:51Z,N/A,8331804
7TmTPRGsQO8,OS MELHORES FUNK REMIX 2021 - M√∫sicas Brasileiras üí• (IMPOSS√çVEL FICAR PARADO!),Canal Sr. Nescau,2021-07-06T21:00:12Z,N/A,8264866
pbMwTqkKSps,Billie Eilish - when the party&#39;s over (Official Music Video),BillieEilishVEVO,2018-10-25T16:00:14Z,N/A,927432527
dkZZr6TLJ0Y,PRA VAQUEJADA EU VOU - GEAN TODDY | PISEIRO PRA PARED√ÉO - M√öSICA NOVA 2022 @erivelton_music,OH ANDERSON,2021-12-02T10:49:52Z,N/A,11222171
lAo8u-TjKTs,Asas Morenas - Eu T√¥ Solteiro - M√∫sica Nova (CLIPE OFICIAL),Asas Morenas  - OFICIAL,2019-08-03T22:02:27Z,N/A,32769997
24jeKMXxYXU,foi traumatizante escutar essa m√∫sica na inf√¢ncia ‚ò†Ô∏è,ZOE,2023-05-05T23:55:16Z,N/A,1311755
uFuAHzHOGYQ,Mi Gente,J Balvin - Topic,2018-05-24T11:22:35Z,N/A,150962870
dNCWe_6HAM8,LISA - &#39;MONEY&#39; EXCLUSIVE PERFORMANCE VIDEO,BLACKPINK,2021-09-23T15:00:16Z,N/A,994936181
IXXxciRUMzE,Lizzo - About Damn Time [Official Video],Lizzo Music,2022-04-14T22:00:30Z,N/A,138858661
ff3r10rCKFs,Henrique e Juliano - LIBERDADE PROVIS√ìRIA - DVD Ao Vivo No Ibirapuera,Henrique e Juliano,2019-12-06T14:01:10Z,N/A,499223555
oygrmJFKYZY,Dua Lipa - Don&#39;t Start Now (Official Music Video),Dua Lipa,2019-11-01T13:00:11Z,N/A,707439424
f_2X8wZ7nXU,CINCO PRINCESINHAS PULAVAM NO COLCH√ÉO üë∏üë∏üë∏üë∏üë∏ M√∫sica da Mileninha,MILENINHA M√öSICA,2021-10-12T15:00:19Z,N/A,32007716
e-ORhEE9VVg,Taylor Swift - Blank Space,TaylorSwiftVEVO,2014-11-10T17:05:44Z,N/A,3419601274
L7mfjvdnPno,Trevor Daniel - Falling (Official Music Video),Trevor Daniel,2020-01-15T17:00:10Z,N/A,379108896
8yV3ZtYSH5c,M√∫sica da Cuca - Folcloreando - Desenho Infantil,teatro musical infantil,2021-03-24T15:45:00Z,N/A,1139111
Lf3a7bZXQbA,MUSICA CRISTIANA DE AVIVAMIENTO Y GOZO - MIX ALABANZAS DE ADORACION CON LETRA PARA GLORIFICAR A DIOS,M√∫sica Cristiana De Coraz√≥n  ,2024-05-08T09:30:10Z,N/A,17297
JIdggOaczis,Musicas tristes para chorar üíî Quer chorar ou√ßa essa musica e coloque fone de ouvido,Ïä¨Î°Ø ÏïÑÏö∞Îîî 456,2021-08-30T12:00:13Z,N/A,15859115
Tl_8u5RbYqI,Pagode do Bruninho ao vivo: m√∫sica de samba e pagode com Bruno Camilo e banda,Ferrari Produ√ß√µes.,2021-12-23T15:00:14Z,N/A,1398877
0-mKwNMXETo,Lud Session feat. Gloria Groove (Live),LUDMILLA,2021-07-15T00:00:44Z,N/A,166038917
1rZky1yaW1I,Sunshine,Delacruz - Topic,2022-12-19T23:45:13Z,N/A,13397745
nyQW-u2OHCM,"La mejor m√∫sica cl√°sica de todos los tiempos üéª Mozart, Beethoven, Bach üéπ Piezas Cl√°sicas M√°s Famosas",Classical Genesis,2024-05-09T05:20:35Z,N/A,4643
NChvNnEa664,BATID√ÉO M√öSICA ELETR√îNICA üîäüéõüï∫,TOXIX MUSIC,2021-08-20T16:11:11Z,N/A,1248773
-BLTXAciRLg,"Sofia Reyes , @MariaBecerraMusic - Marte [Official Music Video]",Sofia Reyes,2022-02-11T01:00:11Z,N/A,162777665
Ioempc6qWSk,"FESTA RAVE 2023 üî• M√öSICA ELETR√îNICA üî• Mais Tocadas üî• FESTIVAL - Alok, Alan Walker, Avicii &amp; Tiesto",Nova Records - M√∫sica Eletr√¥nica,2023-04-19T20:00:09Z,N/A,445570
dANcAGydlsM,Midian Lima - N√£o Pare (Clipe Oficial MK Music),MK MUSIC,2019-06-10T21:13:14Z,N/A,384812823
zNrKoWG7Cj0,Sub Urban - Freak (feat. REI AMI) [Official Music Video],Sub Urban,2020-03-13T15:00:15Z,N/A,275637327
t_dqMzF2PII,ALICE MONTEIRO E BIELZINHO D√ÉO SHOW COM A M√öSICA CHAMA ELA NO PALCO DA TURMA DO VOV√î RAUL GIL,Vov√¥ Raul Gil Oficial,2023-05-13T22:30:04Z,N/A,867296
VuCS8zC5ke4,Rain Rain Go Away - M√∫sica da Chuva + M√∫sicas Infantil por Bella Lisa Show,Bella e Lucca Show,2021-04-11T14:00:07Z,N/A,2159467
0mMu1D6VEAQ,Z√© Felipe - S√≥ Tem Eu (Videoclipe Oficial),Z√© Felipe,2020-10-09T14:00:11Z,N/A,274777908
Mhj15W23IjA,James Arthur - Impossible (Official Video),JamesAVEVO,2012-12-14T12:18:16Z,N/A,379599718
d13E9k7i_pg,MALU cantou a m√∫sica  &quot;Jogo do amor&quot; | FUNKEIRINHOS | VOV√î RAUL GIL,Vov√¥ Raul Gil Oficial,2019-10-21T23:14:22Z,N/A,5751226
sYQbKMp8Lj8,üî•SERTANEJO ANOS 90 As Melhores,Music & Review,2023-05-16T21:00:33Z,N/A,4743442
18WCqmEJU_4,M√∫sicas das Carretas da Alegria #1 - BEAT SNAP BREGADEIRA (Funk Remix) (Official Music Video),Trenzinhos da Alegria,2022-09-17T21:30:10Z,N/A,1566915
fOyXYo4OZYY,"M√∫sica SUMMER Alegre para Trabajar en Oficinas, Tiendas, Caf√©s | M√∫sica SUMMER En Ingl√©s 2024",Selected Mood.,2024-01-26T07:55:45Z,N/A,683632
qhxF2ALecaE,O SEGREDO da M√öSICA CAMARO AMARELO,Venus Podcast,2024-05-10T13:00:48Z,N/A,11478
dkZZr6TLJ0Y,PRA VAQUEJADA EU VOU - GEAN TODDY | PISEIRO PRA PARED√ÉO - M√öSICA NOVA 2022 @erivelton_music,OH ANDERSON,2021-12-02T10:49:52Z,N/A,11222171
hv8Wx5UNTak,"CRACOLAÃÇNDIA - MC Hariel, MC Davi, Salvador, Ryan SP, Alok e Djay W (MUSICA OFICIAL) ILUS√ÉO",4M Original,2020-11-13T03:00:11Z,N/A,36317600
_fRjWEk_9cw,MC Marks - Jesus Olhou pra mim (Love Funk) DJ BL,Love Funk,2020-08-12T21:04:00Z,N/A,125628129
fsYeMfjQPag,"TE LO MERECES - Dayanara, Master Chris (Video Oficial)",Dayanara Oficial,2024-05-03T14:00:08Z,N/A,258250
4T0C-UuwQaQ,"NO ME CONOCEN (REMIX) - BANDIDO, DUKI, REI, TIAGO PZK (VIDEO OFICIAL)",Bandido,2021-06-16T22:00:29Z,N/A,342030649
1V_xRb0x9aw,Gorillaz - Clint Eastwood (Official Video),Gorillaz,2016-06-28T12:18:36Z,N/A,766831466
HG1fjo1HtbQ,Ibiza Summer Mix 2022 üçì Best Of Tropical Deep House Music Chill Out Mix 2022 üçì Chillout Lounge #244,Helios Deep,2022-11-07T20:11:06Z,N/A,2608724
i9NOkjmBszo,Xam√£ - Malvad√£o 3 (Prod. DJ Gustah &amp; Neobeats),Bagua Records,2021-11-30T15:00:10Z,N/A,308349664
_UIvEWsc78Q,Todas as m√∫sicas at√© 2022 - Colet√¢nea Infantil - Brincando com Yasmin Verissimo,Brincando com Yasmin Verissimo,2022-11-29T21:00:15Z,N/A,17934911
A6idgF2watE,TARC√çSIO DO ACORDEON - SIGILO | ENT√ÉO FOGE COMIGO TO QUERENDO SEU CORPO |M√öSICA NOVA ATUALIZADA 2022,EF HITS,2022-03-31T00:14:57Z,N/A,4316895
6c0LA4Nb1vY,Luan Santana - √°gua com a√ß√∫car (DVD VIVA) [V√≠deo Oficial],Luan Santana,2019-10-10T15:00:11Z,N/A,169909675
wlGk61Eyzog,RITMADINHA DAN√áANTE,DJ GUDOG - Topic,2023-03-14T21:44:04Z,N/A,21401867
75cFNJlYyT8,Pipoca Tum - M√∫sica da Fam√≠lia,Pipoca Tum ‚ô™,2023-04-06T00:27:28Z,N/A,218279
hOoQeBgCIdo,EU VOU TE LEVAR PARA DAN√áAR UM FORR√ì LEVANTAR A POEIRA | TIK TOK | VBZINHO | COM GRAVE 2023,MB GRAVE MUSIC,2023-02-06T20:47:42Z,N/A,8764917
p-earCV4MbA,Stiffy y Agusfortnite2008 - Gofue / M√∫sica de Ascensor | GALLERY SESSION,Gallery Sessions,2024-05-08T19:00:08Z,N/A,97491
zKJNk37jo24,"Sofia Reyes, Becky G - Mal de Amores (Official Music Video)",Sofia Reyes,2021-09-10T04:00:00Z,N/A,155715550
hr_83ZXhmOI,WIU &amp; Oruam - Horas Iguais üï∞Ô∏èüíê,30PRAUM,2022-10-05T00:00:11Z,N/A,94827318
hadw4UG67W0,"Belle Kaffer, Ana Castela e Charles New -   N√£o Para (Clipe Oficial)",Musicando Hits,2023-03-15T19:00:15Z,N/A,458754
nLopGXclfJw,Poesia Ac√∫stica #2: Sobre N√≥s,Delacruz - Topic,2018-09-22T20:15:50Z,N/A,81585890
gXacquZk5UA,Musica para trabajar activo y alegre mix - La Mejor Musica Deep House - Deep House Mix 2024 #124,Legend Music - M√∫sica Electr√≥nica,2024-05-04T03:21:33Z,N/A,40670
gXacquZk5UA,Musica para trabajar activo y alegre mix - La Mejor Musica Deep House - Deep House Mix 2024 #124,Legend Music - M√∫sica Electr√≥nica,2024-05-04T03:21:33Z,N/A,40670
_UIvEWsc78Q,Todas as m√∫sicas at√© 2022 - Colet√¢nea Infantil - Brincando com Yasmin Verissimo,Brincando com Yasmin Verissimo,2022-11-29T21:00:15Z,N/A,17934911
i9NOkjmBszo,Xam√£ - Malvad√£o 3 (Prod. DJ Gustah &amp; Neobeats),Bagua Records,2021-11-30T15:00:10Z,N/A,308349664
75cFNJlYyT8,Pipoca Tum - M√∫sica da Fam√≠lia,Pipoca Tum ‚ô™,2023-04-06T00:27:28Z,N/A,218279
RUCJ6wa2yI4,Yahritza Y Su Esencia - Tu Orgullo (Official Video),YahritzaVEVO,2024-05-03T16:00:07Z,N/A,301777
A6idgF2watE,TARC√çSIO DO ACORDEON - SIGILO | ENT√ÉO FOGE COMIGO TO QUERENDO SEU CORPO |M√öSICA NOVA ATUALIZADA 2022,EF HITS,2022-03-31T00:14:57Z,N/A,4316895
MrTz5xjmso4,Sean Kingston - Beautiful Girls (Official HD Video),seankingstonVEVO,2009-10-03T04:52:20Z,N/A,1256535568
Z5pWz_OR5Sg,Luan Santana - Te esperando (Clipe Oficial) - Part. Giovanna Lancellotti,Luan Santana,2013-06-23T20:57:48Z,N/A,184769319
hOoQeBgCIdo,EU VOU TE LEVAR PARA DAN√áAR UM FORR√ì LEVANTAR A POEIRA | TIK TOK | VBZINHO | COM GRAVE 2023,MB GRAVE MUSIC,2023-02-06T20:47:42Z,N/A,8764917
zKJNk37jo24,"Sofia Reyes, Becky G - Mal de Amores (Official Music Video)",Sofia Reyes,2021-09-10T04:00:00Z,N/A,155715550
hr_83ZXhmOI,WIU &amp; Oruam - Horas Iguais üï∞Ô∏èüíê,30PRAUM,2022-10-05T00:00:11Z,N/A,94827318
iF9OU5gSB7U,Boo Boo can√ß√£o + M√∫sica Infantil em Portugu√™s por Boom Buddies,Boom Buddies Portugu√™s - can√ß√£o infantil,2022-03-18T20:00:16Z,N/A,4485666
9SDMjuvuwwQ,SE TU QUER VEM BUSCAR AQUI NO MORRO QUE TEM (M√öSICA 8D),KAYO CD'S OFC,2022-11-28T04:03:18Z,N/A,981146
hadw4UG67W0,"Belle Kaffer, Ana Castela e Charles New -   N√£o Para (Clipe Oficial)",Musicando Hits,2023-03-15T19:00:15Z,N/A,458754
uAVUl0cAKpo,Sabrina Carpenter - Thumbs (Official Video),SabrinaCarpenterVEVO,2017-02-10T05:00:06Z,N/A,250657778
LHCob76kigA,Lukas Graham - 7 Years [Official Music Video],Lukas Graham,2015-12-15T15:01:55Z,N/A,1523858328
xZam8NTrebk,Mimi x Daniela - She Gets Away With Everything (Music Video),funniflix,2019-06-25T16:03:00Z,N/A,1054637796
AsgO_DuAlYE,Os MELHORES MOMENTOS do show da Madonna no Brasil! | Madonna no Multishow | M√∫sica Multishow,M√∫sica Multishow,2024-05-05T12:00:09Z,N/A,2083852
2Y-auo5q_QA,"El Sonido de la Paz Interior | 528 Hz | M√∫sica Relajante para Meditaci√≥n, Zen, Alivio del Estr√©s",Music Heals the Soul,2023-02-21T10:53:54Z,N/A,2379114
ZmZp3gKJudY,SERESTA SELECIONADA | AS MELHORES M√öSICAS DE 2023 - SELE√á√ÉO DAS MAIS OUVIDAS NOS PARED√ïES Ee TIK TOK,PLAYLIST TOP,2023-03-04T18:46:23Z,N/A,1998861
CvBfHwUxHIk,Rihanna - Umbrella (Orange Version) (Official Music Video) ft. JAY-Z,RihannaVEVO,2009-12-14T03:28:47Z,N/A,1025664794
8F1tqgMrqQ8,MC GABZIN - MINHA PREFERIDA | Eu sei que a vida √© sua mas seu cora√ß√£o √© meu (Doug Filmes),Doug Filmes,2022-06-10T15:00:11Z,N/A,24790535
ft4jcPSLJfY,"David Guetta, Bebe Rexha &amp; J Balvin - Say My Name (Official Video)",David Guetta,2018-11-20T19:00:06Z,N/A,1060722006
6BTjG-dhf5s,Daddy Yankee - Limbo (Video Oficial),DaddyYankeeVEVO,2012-10-27T14:36:43Z,N/A,1359110592
fumXFXFjGPg,SENTADA DA BRUTA - MC Lya e Giovana Martynns (Love Music) DJ Hunter,Love Music ,2023-05-22T15:40:00Z,N/A,2960869
Pkh8UtuejGw,"Shawn Mendes, Camila Cabello - Se√±orita",ShawnMendesVEVO,2019-06-21T03:57:42Z,N/A,1694402625
jpqY6yvH-1I,BELINHA D√Å O PAPO COM M√öSICA DA CANTORA GIULIA BE NA TURMA DO VOV√î RAUL GIL,Vov√¥ Raul Gil Oficial,2023-05-15T15:44:43Z,N/A,1938257
ixkoVwKQaJg,"DJ Snake - Taki Taki ft. Selena Gomez, Ozuna, Cardi B (Official Music Video)",DJSnakeVEVO,2018-10-10T00:35:00Z,N/A,2564491781
I8va_ChEIAI,Mar√≠lia Mendon√ßa &amp; Maiara e Maraisa - Esque√ßa-me Se For Capaz,Mar√≠lia Mendon√ßa,2021-10-15T23:00:12Z,N/A,188906860
6vENArFP3U4,M√∫sicas de amor nunca mais,BK' - Topic,2022-11-16T10:07:47Z,N/A,17444030
iqCpjgiPCa8,A MIMIR EN EL CHAT üí§ Angi Fire - Las Gemelas ft Dejavu (VIDEO OFICIALüòÇ),Dejavu FF,2024-04-27T19:15:07Z,N/A,9142023
NxnU-2NAmyc,DJ WC ‚Ä¢ TU SEMPRE ADOROU UM PANCADAO ‚Ä¢ BRUNA REMIX ‚Ä¢ ELA NAO ENTREGA O CORA√á√ÉO | M√öSICA NOVA,Canal Piseiro Com Grave „ÉÑ,2022-06-13T23:00:15Z,N/A,2340002
idDCk4RTx4g,Abbot ft.Somynem.grin -&quot;HYLANDER&quot;- üêÄ,Abbot,2020-09-18T14:00:09Z,N/A,36533977
vyo8NtJe07s,Mc Kauanzin - Respeitar o Papai e a Mam√£e (Encontro De MC&#39;s),RT Music 2.0,2020-03-07T21:49:19Z,N/A,6021907
U4m1rejPPIw,Com jeitinho a patroa veio üòç‚ù§Ô∏è‚ù§Ô∏è #washingtonbrasileiro #danca #musica #music #dance #viral #piseiro,Washington Brasileiro,2024-05-07T21:33:33Z,N/A,222735
gGIrdNi300Q,#MinhaEx minha nova m√∫sica dia 02.05 √†s 21h nos apps de m√∫sica e dia 03.05 videoclipe aqui no YT,Z√© Felipe,2024-05-01T20:54:35Z,N/A,46778
tcYodQoapMg,Ariana Grande - positions (official video),ArianaGrandeVevo,2020-10-23T04:00:10Z,N/A,575933877
2Iu__ni8qYA,Paulo e Silas- Hino poderoso Alisson e Neide M√∫sica #louvar #pauloesilas #tiago,DM LOUVORES - O seu canal de m√∫sicas Gospel,2023-03-29T09:00:02Z,N/A,2337457
6MUFzOkRrhY,atualizadas do tiktok 2024 #vaiprofy #funk #dancinha #dance se souber #naoflopa #fyy,M√∫sica TikTok,2024-03-17T23:04:22Z,N/A,692685
oh1hosP_SjM,MC VITIN LC - Oi ja pensou se sua mae descobre MALOQUEIRO SE APAIXONOU (CLIPE OFICIAL) Doug Filmes,Doug Filmes,2019-08-13T22:00:06Z,N/A,26853782
-QehXrElg6w,NA BALADA JOVEM PAN ANOS 2000 - S√≥ m√∫sica top da melhor √©poca da r√°dio!!!,Claudinei de Morais,2023-02-10T19:00:11Z,N/A,739881
r_cbh4-SOmI,Hungria - Um Pedido (Official Music Video),Hungria,2019-06-07T22:00:25Z,N/A,219953870
gl1aHhXnN1k,"Ariana Grande - thank u, next (Official Video)",ArianaGrandeVevo,2018-11-30T19:58:22Z,N/A,807646027
XSIkND-OXCs,M√∫sica que o Leo da Hornet usa na saveiro üòà *Download Gr√°tis*,Revoltx,2022-03-29T22:00:26Z,N/A,1730118
xJmyav9jjJU,MUSICA 2024 üå¥üå¥ REGGAETON MUSICA 2024 - MIX CANCIONES REGGAETON 2024,La Vida Letra,2024-05-07T14:22:36Z,N/A,26620
kTHNpusq654,Katy Perry - Hot N Cold (Official Music Video),KatyPerryVEVO,2008-10-14T02:07:26Z,N/A,1220103616
pK060iUFWXg,Maluma - Haw√°i (Official Video),MalumaVEVO,2020-07-29T13:00:08Z,N/A,1070112470
JWA5hJl4Dv0,Akon - Don&#39;t Matter (Official Music Video),AkonVEVO,2009-06-16T22:43:36Z,N/A,613734743
18EyG7mLCsY,M√∫sica para racha de som automotivo/teste de grave - ShaDoW BaSS,Casagrand3,2019-11-15T17:04:22Z,N/A,5647801
k2G60xAiZsY,EU RENASCI DAS CINZAS - MC Daniel e MC Paulin Da Capital (V√≠deo Clipe) Caio Passos,FAVELA VENCEU,2023-03-15T14:00:26Z,N/A,2494567
jnwmn1R9t8g,Escute essa m√∫sica quando estiver apaixonado üåπ,here now,2022-06-24T15:56:11Z,N/A,1417519
EaE7wJnC0eQ,As Melhores M√∫sicas Do Hungria Hip Hop,Julia Albina,2023-04-14T21:00:07Z,N/A,8016826
o5Sg1dIaHCU,Lu√≠sa Sonza - penhasco. (Lyric Video),Lu√≠sa Sonza,2021-07-28T21:00:12Z,N/A,94021718
mW4NR1VRqy0,EU VI VOC√ä CHORANDO ATRAV√âS DO ESPELHO | DISPLICENTE | NADSON O FERINHA - M√öSICA NOVA  MORENO MUSIC,Moreno Music¬Æ,2022-04-28T12:23:00Z,N/A,2855972
4khIPP--FDU,"Beautiful Piano Music 24/7 - Study Music, Relaxing Music, Sleep Music, Meditation Music",OCB Relax Music,2023-01-19T08:59:48Z,N/A,6580797
g4mza4xb2Uc,Dance se souber~ {TikTok} 2024,DANCE SE SOUBER,2024-05-05T13:00:38Z,N/A,138287
920nOACZnJg,Top M√∫sicas pra Virada üéâüçæ | M√∫sica Multishow,M√∫sica Multishow,2019-12-28T23:00:00Z,N/A,9078182
iQEVguV71sI,"Thalia, NATTI NATASHA - No Me Acuerdo (Official Video)",ThaliaVEVO,2018-06-01T07:00:07Z,N/A,1506860253
hD5MRBzY1uM,Rihanna - If It&#39;s Lovin&#39; That You Want (Official Music Video),RihannaVEVO,2011-08-12T19:57:51Z,N/A,135853678
-ja3gHqzVVk,Jacky Gosee - Ayi Edil - ·åÉ·ä™ ·åé·à≤ - ·ä†·ã≠ ·ä•·ãµ·àç - New Ethiopian Music 2024 (Official Video),Nahom Records Inc,2024-05-07T15:58:54Z,N/A,164771
nHRJmrOnbPQ,"BOIADEIRA E MALOQUEIRO, MALOQUEIRO E BOIADEIRA - Giovana Martynns, Felipe Melchiori e Gabi Saiury",Love Music ,2023-04-28T18:00:22Z,N/A,7395525
spyqCKD1b78,SITE SABES EL TIKTOK BAILA! (2024) üí•,Disney Music,2024-05-03T15:00:54Z,N/A,497133
DVIJ7zm7_nA,"Cazzu, La Joaqui - Glock (Video Oficial) | Nena Trampa Deluxe Edition",CAZZU Canal Oficial,2023-04-19T00:00:08Z,N/A,70263289
bPIGEKop_EY,M√öSICA CRISTIANA QUE TRAE PAZ Y TRANQUILIDAD | ALABANZAS LLENAS DE PODER Y BENDICI√ìN 2024 #adora√ß√£o,√âxitos Cristianos 2024,2024-05-08T14:10:55Z,N/A,23476
5qm8PH4xAss,50 Cent - In Da Club (Official Music Video),50CentVEVO,2009-06-16T23:36:21Z,N/A,2053940785
RDdaL8wjXZE,MEGA FUNK D2K - MELHORES MUSICAS SOM AUTOMOTIVO 2020,D2k Produ√ß√µes *,2019-03-07T22:02:36Z,N/A,17122042
VEgXdUTJlxA,"SUE√ëO PROFUNDO M√∫sica para dormir R√°pido Y Profundamente, M√∫sica que te Ayudara Dormir R√°pidamente",Helios Piano,2024-05-10T01:25:02Z,N/A,7793
Rr8NRWfyXto,MC Paulin da Capital - Eu Achei (Love Funk) DJ GM,Love Funk,2020-03-19T22:10:39Z,N/A,129637737
vvzhn055NAs,THIAGO AQUINO - CD ATUALIZADO 2024 - M√öSICAS NOVAS,Walker Divulga√ß√µes,2024-05-03T14:57:16Z,N/A,38317
4oStw0r33so,peaceful piano radio üéπ - music to focus/study to,Lofi Girl,2024-05-07T13:41:19Z,N/A,342450
OXFN3ZMgaVk,Anota A√≠,MC Lipi  - Topic,2021-12-15T10:09:39Z,N/A,50512645
lswkk1lmpK8,Tribo da Periferia - Alma de Pipa (Official Music Video),Tribo da Periferia,2016-03-04T23:53:57Z,N/A,293046854
_I_D_8Z4sJE,Nicky Jam x J. Balvin - X (EQUIS) | Video Oficial | Prod. Afro Bros &amp; Jeon,NickyJamTV,2018-03-02T05:00:19Z,N/A,2222775869
Z4NyCL5ZCic,SOFI B - QU√â CALOR (Official video),SOFI B M√öSICA ,2023-01-06T23:00:09Z,N/A,2306550
duLrsPhrxtI,N√£o Para,Belle Kaffer - Topic,2023-03-02T10:03:46Z,N/A,27957394
q8_VzCZyBzI,HEITOR COSTA - NOVO REPERT√ìRIO 2024 ATUALIZADO - M√öSICAS NOVAS,Walker Atualiza√ß√µes,2024-05-08T18:22:45Z,N/A,27331
aFYDjw72FN4,MUSICA M√ÅS ESCUCHADAS 2022 üî• La Mejor M√∫sica Electr√≥nica 2022 üî• Lo Mas Nuevo Electronica Mix,SunMusic - M√∫sica Electr√≥nica,2022-12-17T11:00:00Z,N/A,1384599
1w_K39Uj-K0,Hermosas M√∫sica Cat√≥lica Que Traen Bendiciones A Tu Casa üòá Intenta Escuchar Esta Canci√≥n Sin Llorar,Adoraci√≥n Cat√≥lica M√∫sica,2024-05-08T03:49:55Z,N/A,6544
yOuYY4AL_1U,FALL INTO SLEEP INSTANTLY ‚Ä¢ Relaxing Music to Reduce Anxiety and Help You Sleep ‚Ä¢ Meditation,Tranquil Relax,2023-12-11T22:38:53Z,N/A,3679542
EAunG9a9HmA,Fede Vigevani x Ian Lucas x Gusty Dj - Tik Tok (ADELANTOS!),Impronta Music,2024-05-09T23:00:10Z,N/A,79400
y1q5qA2eGuo,VIEJITAS PERO BUENAS DEL Recuerdos Rom√°nticos - M√öSICA ROM√ÅNTICA DE TODOS LOS TIEMPOS 70S 80S 90S,Musica Para Ti,2024-05-06T02:16:28Z,N/A,9790
jDekakK2CR0,car song # best full base music # infinity DNdm music # Best viral music,infinity DNdm,2023-02-20T13:53:35Z,N/A,2795552
ToyzZMldzZc,5 MELHORES M√öSICAS DO MC KEVIN,POD MUSIC TV,2021-05-27T18:29:10Z,N/A,6045595
lFFxlKx525k,MT DA CORONEL - EP. EXPL√çCITO PRA PARED√ÉO 2023 - M√öSICAS NOVAS - ALTA QUALIDADE @GTCDsOficial,GT CDs Oficial,2023-01-25T14:00:28Z,N/A,1413342
YZ4UIf4_l1w,Deus √â o Meu Guia,Chefin - Topic,2022-02-25T03:06:28Z,N/A,43731330
zvW-A4A3cig,ÈÅáËßÅ‰∫Ü‰Ω† (4K UHD) #chenxiaozhu #xiaozhuchen #cover #song #music #ÈôàÊôìÁ´π #ÂõΩÈ£é #ÁøªÂî± #ÈÅáËßÅ‰∫Ü‰Ω†,ÈôàÊôìÁ´πÂÆòÊñπÈ¢ëÈÅì Xiaozhu Chen Official,2024-05-10T06:06:53Z,N/A,5572
r2kbpxV1tBA,"Summer Music Mix 2024 üéµAlan Walker, Dua Lipa, Coldplay, Martin Garrix &amp; Kygo, The Chainsmokers Style",Magic Club,2024-04-27T12:45:31Z,N/A,391760
0iBGl_FdT7A,#fedevigevani &amp; #ianlucas Se viene nueva canci√≥n üéµ #tiktok ü§ç ¬øser√° para #domelipa ? #trend #short,Impronta Music,2024-05-04T18:00:00Z,N/A,1247187
RmUYn8PTGHg,–•–∏—Ç—ã vs –û—Ä–∏–≥–∏–Ω–∞–ª—ã 7 #shorts #music #him #blondie,–∫—É–ª—å—Ç –ø–ª—É—Ç–æ,2024-05-08T16:46:12Z,N/A,477646
bjAY0RsmTOg,toda fanfiqueira conhece essa m√∫sica ( Õ°¬∞ Õú ñ Õ°¬∞),ZOE,2022-01-24T00:00:13Z,N/A,8411637
caQbPskYqXk,Mc Menor Mr - Vida Loka tamb√©m Ama (OQ Produ√ß√µes &amp; Studio THG) Videoclipe Oficial,OQ | Original Quality ,2017-12-11T14:04:58Z,N/A,134175088
lDM8XyxRVTc,O TUBAR√ÉO - LAN√áAMENTO M√öSICA NOVA - MAIO 2022 - REVOADA 2 „ÄäCOM GRAVE „Äã@baianinhoplayertv,Reisyn vlogs üÖ•,2022-05-14T17:14:11Z,N/A,4624983
wFBp_PHXrf4,WIU &amp; Ryan SP - Felina üêà,30PRAUM,2022-09-23T00:00:28Z,N/A,193148361
KbutM7D8ew8,A M√öSICA TE CONDUZ...  Assista sem modera√ß√£o üî•ü§†#washingtonbrasileiro #danca #piseiro #musica #forr√≥,Washington Brasileiro,2024-05-08T15:10:52Z,N/A,90877
m1qN-eH72WQ,"Musica para trabajar activo y alegre - M√∫sica Alegre para en Tiendas, Caf√©s| Deep House 2024 #182",Selected Sounds Spain,2024-05-10T10:07:05Z,N/A,3155
Xsav30ugEdM,Cosas de M√∫sica Por Menos De $50 Pesos En Temu #guitarra,Rolando Mora,2024-05-08T17:54:36Z,N/A,34195
BH9v4Dcl6vw,Papaa Tyga - 2 Pa 2 | Video Oficial | Dir. @Izy_Music,Papaa Tyga,2024-05-03T19:00:08Z,N/A,606706
hYz1oOcAuk8,"Sleeping Music to Help You Sleep Comfortably ü§ó Relieving Insomnia, Sound of Water",The Waters of Heaven,2024-03-22T19:28:25Z,N/A,1224301
g6yJVBaqMjo,"Set dos Casados - MC Kevin, Davi, Hariel, Don Juan, Kapela, Marks, G15, Ryan SP, Gaab (GR6 Explode)",GR6 EXPLODE,2021-09-19T18:00:26Z,N/A,131843630
L6lV-ptuVYw,M√öSICA PERSONALIZADA PARA CH√Å REVELA√á√ÉO ü©∑üíôFale comigo pelo Whats (47) 99207-5873 e fa√ßa sua m√∫sica,Canto Pra Tu,2024-05-07T21:56:04Z,N/A,19166
KbutM7D8ew8,A M√öSICA TE CONDUZ...  Assista sem modera√ß√£o üî•ü§†#washingtonbrasileiro #danca #piseiro #musica #forr√≥,Washington Brasileiro,2024-05-08T15:10:52Z,N/A,90877
zvW-A4A3cig,ÈÅáËßÅ‰∫Ü‰Ω† (4K UHD) #chenxiaozhu #xiaozhuchen #cover #song #music #ÈôàÊôìÁ´π #ÂõΩÈ£é #ÁøªÂî± #ÈÅáËßÅ‰∫Ü‰Ω†,ÈôàÊôìÁ´πÂÆòÊñπÈ¢ëÈÅì Xiaozhu Chen Official,2024-05-10T06:06:53Z,N/A,5572
hYz1oOcAuk8,"Sleeping Music to Help You Sleep Comfortably ü§ó Relieving Insomnia, Sound of Water",The Waters of Heaven,2024-03-22T19:28:25Z,N/A,1224301
HXpkqvxNeGA,Melhores M√∫sicas de VEIGH - Playlist,DJ Alem√£o,2023-06-20T02:22:42Z,N/A,1568830
RmUYn8PTGHg,–•–∏—Ç—ã vs –û—Ä–∏–≥–∏–Ω–∞–ª—ã 7 #shorts #music #him #blondie,–∫—É–ª—å—Ç –ø–ª—É—Ç–æ,2024-05-08T16:46:12Z,N/A,477646
g6yJVBaqMjo,"Set dos Casados - MC Kevin, Davi, Hariel, Don Juan, Kapela, Marks, G15, Ryan SP, Gaab (GR6 Explode)",GR6 EXPLODE,2021-09-19T18:00:26Z,N/A,131843630
6Cyv3RwypEk,Uma linda m√∫sica em um lindo show #washingtonbrasileiro #danca #musica #piseiro #viral #music,Washington Brasileiro,2024-05-02T23:18:26Z,N/A,133805
lDM8XyxRVTc,O TUBAR√ÉO - LAN√áAMENTO M√öSICA NOVA - MAIO 2022 - REVOADA 2 „ÄäCOM GRAVE „Äã@baianinhoplayertv,Reisyn vlogs üÖ•,2022-05-14T17:14:11Z,N/A,4624983
BH9v4Dcl6vw,Papaa Tyga - 2 Pa 2 | Video Oficial | Dir. @Izy_Music,Papaa Tyga,2024-05-03T19:00:08Z,N/A,606706
Xsav30ugEdM,Cosas de M√∫sica Por Menos De $50 Pesos En Temu #guitarra,Rolando Mora,2024-05-08T17:54:36Z,N/A,34195
m1qN-eH72WQ,"Musica para trabajar activo y alegre - M√∫sica Alegre para en Tiendas, Caf√©s| Deep House 2024 #182",Selected Sounds Spain,2024-05-10T10:07:05Z,N/A,3155
L6lV-ptuVYw,M√öSICA PERSONALIZADA PARA CH√Å REVELA√á√ÉO ü©∑üíôFale comigo pelo Whats (47) 99207-5873 e fa√ßa sua m√∫sica,Canto Pra Tu,2024-05-07T21:56:04Z,N/A,19166
w_4tX0rcogU,OH MAJOR | 2023 | M√öSICAS IN√âDITAS,PAGOD√ÉO DETONA,2023-01-19T11:30:17Z,N/A,1450347
24vEupnQQh4,DJ JEFF DE PL AS MELHORES PARA PAREDAO MUSICAS NOVAS MAIO 2022 @SubZeroCds,SubZero Cds,2022-05-23T13:45:09Z,N/A,4704266
lY8lPTdTELk,"MC Paiva, Gabb, Gabi Saiury",Beat Funk,2023-05-26T20:52:44Z,N/A,4568096
7tbx6BamNh4,FIZ UMA M√öSICA SOBRE A INTERNET??,Bea Duarte,2024-05-03T20:35:29Z,N/A,193326
XzLuW5B1MPA,Musica Cristiana Para Sentir La Presencia de Dios üôè Hermosas Alabanzas Cristianas De Adoracion 2024,M√∫sica Cristiana Latina,2024-05-10T14:02:31Z,N/A,13735
ieNPAyJT60Q,PIANO PARA ORAR **Sin Anuncios Intermedios - Instrumental Para Orar - M√∫sica Relajante,PIANO PARA ORAR & MEDITAR,2024-05-10T07:33:13Z,N/A,7222
zU5yHgdV2kI,Cantei uma m√∫sica bem brasileira para ela üá®üá∫‚ù§Ô∏è #omegle #ometv,Gabriel Won,2024-05-06T23:03:56Z,N/A,16142
QisHBq4ke-Y,MC IG - Pros Coringa (Pr√©via 2021),FUNK ORIGEM SP,2020-12-25T00:31:07Z,N/A,11991056
YmDHdRcLcZw,Crazy Facts About Music Everyone Should Know! (Pt.48) #musicfacts #musicshorts #musichistory #shorts,The Origins of Songs,2024-05-08T14:00:33Z,N/A,98753
NJ2wVA5SLYU,Friday Morning Jazz - Good Mood with Relaxing Jazz Instrumental Music &amp; Smooth Ethereal Bossa Nova,Cafe Cozy Jazz,2024-05-10T04:15:04Z,N/A,22824
wLxiAlVJm6U,Bonde do Brasil - Dormir de Conchinha (Juntar as Camas) (Sua M√∫sica),Sua M√∫sica,2018-08-22T21:41:36Z,N/A,10537893
sNR10N87qBY,Engravidou? vai ter um menino - M√∫sica Nova | Anderson Neiff - 2024,Henrinck,2024-03-09T22:52:57Z,N/A,1634125
A1RmVl5Vwmk,Disco Arranhado - Malu Remix Dj Lucas Beat,Malu Oficial,2021-01-22T15:45:11Z,N/A,127388680
N_GPkcsV5Xw,Malvada,Z√© Felipe - Topic,2022-01-25T04:25:28Z,N/A,39326059
FGViL3CYRwg,Show das Poderosas (Clipe Oficial) - Anitta,Warner Music Brasil,2013-04-19T14:43:30Z,N/A,176655906
UGov-KH7hkM,Anitta - Bang (Official Music Video),Anitta,2015-10-09T21:43:33Z,N/A,437467651
sbcePEb-Kc8,T√° OK,DENNIS - Topic,2023-05-05T00:04:45Z,N/A,51342705
X4Udf3TGjlU,"TOP ELETRO HITS 2024 üî• M√öSICAS ELETR√îNICAS DANCE MAIS TOCADAS üî• NA BALADA üî• ALOK, DAVID GUETTA MIX",Nova Records - M√∫sica Eletr√¥nica,2024-05-08T16:33:14Z,N/A,20746
wvag3KbjHGs,BEAT CASCA DE BALA ü§†üç¨ - M√∫sica Viral do Tiktok üî• (FUNK REMIX) by Canal Sr. Leite,Canal Sr. Leite,2024-04-24T02:38:44Z,N/A,73831
vMLk_T0PPbk,"Black Eyed Peas, Shakira - GIRL LIKE ME (Official Music Video)",BlackEyedPeasVEVO,2020-12-04T15:00:09Z,N/A,786983181
0bgWUD8lakU,Emilia - Jagger.mp3 (Official Video),EmiliaMusicVEVO,2023-03-30T22:00:08Z,N/A,74972641
xPlAlwdQME0,"intoc√°vel, me sinto intoc√°vel ‚Ä¢ m√∫sica tiktok",ZOE,2022-11-14T00:17:20Z,N/A,7988205
hFCjGiawJi4,Anitta - Envolver [Official Music Video],Anitta,2021-11-12T00:59:27Z,N/A,694161590
iBmrml_5JFk,MC CABELINHO - NOSSA M√öSICA ft. GLORIA GROOVE (prod. DALLASS),MC Cabelinho,2022-12-21T00:30:08Z,N/A,58642121
X7cz9v6mHzg,GLORIA GROOVE - LEIL√ÉO (CLIPE OFICIAL),Gloria Groove,2021-11-26T14:00:23Z,N/A,86250195
M-DHDroAmso,IGUINHO E LULINHA | MAIO 2024 ( ATUALIZADO ) REPERT√ìRIO NOVO - MUNDO DA MUSICA,Mundo Da Musica,2024-05-08T17:50:47Z,N/A,21801
GCfj6_xbBF8,Ma√±anitas Para MamaÃÅ - Canciones P√°ra El Dias De las Madres 2024,Puro Norte Mix 2023,2024-05-10T12:12:16Z,N/A,140033
6T_9RhwEz4g,essa m√∫sica tem uma vibe de fanfic meo,ZOE,2022-07-21T00:02:00Z,N/A,5451359
io9Se23OVKQ,TOQUE DEZ - NOVO REPERT√ìRIO 2024 - M√öSICAS NOVAS,Walker Divulga√ß√µes,2024-05-08T11:30:20Z,N/A,38023
I_EcR1t4A6E,&quot;Sneharaagamayee&quot; Seetha (2011) | Malayalam Movie Songs | Music By MM Sreelekha,Malayalam Box,2014-03-13T12:53:05Z,N/A,24570
H_Ymf8opxaU,Musica Cristiana Para Sentir La Presencia de Dios - Hermosas Alabanzas Cristianas De Adoracion 2024,M√∫sica Cristiana Latina,2024-05-10T14:08:50Z,N/A,1873
bmnL2j8innY,Swathu (1980) Non Stop Malayalam Movie Songs | Music  By G Devarajan,Malayalam Box,2014-03-11T08:33:07Z,N/A,32359
6qatTTscK4c,Kehlani - After Hours [Official Music Video],Kehlani,2024-05-06T17:00:07Z,N/A,916113
4Nf4y41qIcc,Good Mood Jazz Music - Smooth Jazz Instrumental &amp; Relaxing Morning Bossa Nova for Kickstart the day,Cafe Cozy Jazz,2024-05-09T23:20:42Z,N/A,20663
H1b1F2Ke9oM,May Jazz Relaxing Music - Sweet Jazz Instrumental Music &amp; Happy Morning Bossa Nova for Upbeat Moods,Cafe Cozy Jazz,2024-05-09T21:27:42Z,N/A,17967
9BWV6232t0M,Sapthapadi (1981) Non Stop Malayalam Movie Songs | Music by KV Mahadevan,Malayalam Box,2014-03-11T06:40:23Z,N/A,17847
T8QUtgK8rdw,Babasonicos - El Abstracto de la MuÃÅsica (Documental),Babasonicos,2024-05-09T18:00:21Z,N/A,23849
BVFRqcrssM4,CABARET DO MOTA (EP.14) M√öSICA DE BAILE,CONQUISTA EST√öDIOS,2024-05-10T20:00:07Z,N/A,3
s_2MqD68cqY,M√∫sica y canciones para beb√©s y ni√±os | De 0 meses a 3 - 6 a√±os üî¥ En vivo 24h.,"Nene Le√≥n, canciones infantiles",2024-05-09T12:26:46Z,N/A,36514
4pGCRfGIR1c,"üéπüíÜüèª‚Äç‚ôÇÔ∏èPiano De Fondo Relajante 2024 | M√∫sica Cristiana Instrumental Meditar, Orar, Descansar, Dormir",Heaven Instrumental,2024-05-08T13:22:36Z,N/A,37443
0_NhKbPbsPg,MUSICA INSTRUMENTAL CRISTIANA  **SIN ANUNCIOS INTERMEDIOS  -  Piano Para Orar,PIANO PARA ORAR & MEDITAR,2024-05-08T14:51:53Z,N/A,31173
f949zKGDqDg,El Canelo - Luis R Conriquez ( 2024 ),J.A MUSIC,2024-05-08T08:36:39Z,N/A,85532
bPIGEKop_EY,M√öSICA CRISTIANA QUE TRAE PAZ Y TRANQUILIDAD | ALABANZAS LLENAS DE PODER Y BENDICI√ìN 2024 #adora√ß√£o,√âxitos Cristianos 2024,2024-05-08T14:10:55Z,N/A,23476
fuTRjr5UXyk,Mi mam√° ama la m√∫sica afroperuana,Tony Succar,2024-05-09T02:41:23Z,N/A,5748
4CT6p_Aq7-o,‚ù§Ô∏è essa BANDA e essa M√öSICA marcaram os #anos80 #theoutfield #shorts #viral,Rock Doc,2024-05-06T21:30:00Z,N/A,26674
aDDNVIBzNM8,Pedro Henrique - Cole√ß√£o das Melhores m√∫sicas 2024 - M√∫sica Gospel Inspiradora [VOL.54] #gospel2024,Pedro Henrique - Glor√≠a Gospel,2024-05-09T08:32:16Z,N/A,476
GNIezrbmFRI,M√öSICAS ANOS 80 COM O NOME - HeAven,ParadaHits,2024-05-08T22:00:12Z,N/A,33546
tRI8zfaaEzA,Andrey Riobueno - Yeison Jimenez l Tequila &amp; Lim√≥n (Video Oficial),Andrey Riobueno,2024-05-10T00:00:06Z,N/A,24805
